unid;wbid;country;year;SES;gdppc
4;AFG;Afghanistan;1970;3.4742124;709
4;AFG;Afghanistan;1920;26.968016;731.75677
4;AFG;Afghanistan;1990;1.2695296;604
4;AFG;Afghanistan;1960;15.763076;739
4;AFG;Afghanistan;2000;2.0611143;565
4;AFG;Afghanistan;2010;5.6763997;1662.8035
4;AFG;Afghanistan;1880;37.957447;585.46509
4;AFG;Afghanistan;1940;14.320977;673.91895
4;AFG;Afghanistan;1890;29.591391;635.93024
4;AFG;Afghanistan;1980;3.4650476;690
4;AFG;Afghanistan;1930;15.306766;702.83783
4;AFG;Afghanistan;1950;23.424145;645
4;AFG;Afghanistan;1900;28.104797;686.39532
4;AFG;Afghanistan;1910;26.9876;736.86047
24;AGO;Angola;2010;21.247763;6492.1768
24;AGO;Angola;1930;24.175644;747.81482
24;AGO;Angola;1920;24.223469;682.62964
24;AGO;Angola;1970;30.052431;1768
24;AGO;Angola;1960;27.918711;1253
24;AGO;Angola;1950;28.05554;1052
24;AGO;Angola;1880;11.459789;533.66669
24;AGO;Angola;2000;29.470123;3831
24;AGO;Angola;1990;31.855452;4806.4302
24;AGO;Angola;1980;13.219266;961
24;AGO;Angola;1910;14.800509;628.69232
24;AGO;Angola;1890;23.73538;567.33331
24;AGO;Angola;1900;24.152035;601
24;AGO;Angola;1940;23.714304;813
8;ALB;Albania;1890;67.889656;598
8;ALB;Albania;1950;67.035362;1001
8;ALB;Albania;1900;68.291382;685
8;ALB;Albania;1990;72.882904;4557.4082
8;ALB;Albania;1980;69.502441;2347
8;ALB;Albania;1930;65.956871;929.57141
8;ALB;Albania;1910;67.64238;780
8;ALB;Albania;1880;41.783779;522
8;ALB;Albania;1940;66.797325;965.28571
8;ALB;Albania;2010;74.860367;9927.1758
8;ALB;Albania;1920;66.318832;861.3125
8;ALB;Albania;2000;72.464691;5470.0176
8;ALB;Albania;1970;68.380905;2004
8;ALB;Albania;1960;69.429123;1451
784;ARE;United Arab Emirates;1880;61.117687;811.76746
784;ARE;United Arab Emirates;1990;84.87999;114518.83
784;ARE;United Arab Emirates;1970;65.780487;24552
784;ARE;United Arab Emirates;1950;63.099766;15798
784;ARE;United Arab Emirates;1910;44.850441;1021.0698
784;ARE;United Arab Emirates;1920;58.040146;3833.6758
784;ARE;United Arab Emirates;1980;68.182907;27709
784;ARE;United Arab Emirates;2010;89.092285;57406.738
784;ARE;United Arab Emirates;1940;54.425358;11809.892
784;ARE;United Arab Emirates;2000;88.567055;107206.46
784;ARE;United Arab Emirates;1900;58.4879;951.30231
784;ARE;United Arab Emirates;1960;64.404724;22433
784;ARE;United Arab Emirates;1930;62.76598;7821.7837
784;ARE;United Arab Emirates;1890;59.648911;881.53491
32;ARG;Argentina;1900;75.783241;2756
32;ARG;Argentina;1980;80.478775;8206
32;ARG;Argentina;1990;78.615967;10833.503
32;ARG;Argentina;1910;78.436638;3822
32;ARG;Argentina;2010;79.750809;18794.27
32;ARG;Argentina;1960;83.116188;5559
32;ARG;Argentina;1890;76.156998;2152
32;ARG;Argentina;1920;80.677177;3473
32;ARG;Argentina;2000;80.109383;14924.374
32;ARG;Argentina;1930;81.207291;4080
32;ARG;Argentina;1970;79.346939;7302
32;ARG;Argentina;1940;82.258247;4161
32;ARG;Argentina;1880;77.89415;1731.5
32;ARG;Argentina;1950;83.055931;4987
51;ARM;Armenia;1920;71.793861;1432.9333
51;ARM;Armenia;1890;75.902946;1139
51;ARM;Armenia;1960;83.671188;3945
51;ARM;Armenia;1910;73.819855;1430.0769
51;ARM;Armenia;1950;78.37162;2841
51;ARM;Armenia;1980;83.337685;6116.5884
51;ARM;Armenia;1930;70.480736;1448
51;ARM;Armenia;1880;80.300674;1041
51;ARM;Armenia;1900;76.273468;1237
51;ARM;Armenia;1970;82.699272;5575
51;ARM;Armenia;1990;74.693283;3735.5432
51;ARM;Armenia;2000;59.665016;2918.5576
51;ARM;Armenia;2010;62.782436;6507.9146
51;ARM;Armenia;1940;68.425446;2144
36;AUS;Australia;1920;96.758545;4766
36;AUS;Australia;1970;93.496696;12024
36;AUS;Australia;1980;93.042801;14412
36;AUS;Australia;1990;90.754593;28572.076
36;AUS;Australia;1910;96.887123;5210
36;AUS;Australia;1900;92.345314;4013
36;AUS;Australia;1950;93.32811;7412
36;AUS;Australia;1930;94.957916;4708
36;AUS;Australia;2000;92.742691;35244.504
36;AUS;Australia;1940;92.879974;6166
36;AUS;Australia;2010;94.268761;41363.215
36;AUS;Australia;1890;94.264038;4458
36;AUS;Australia;1880;92.774429;4285
36;AUS;Australia;1960;96.255478;8791
40;AUT;Austria;1940;83.122299;3959
40;AUT;Austria;1930;83.828415;3586
40;AUT;Austria;1910;85.233444;3290
40;AUT;Austria;1950;82.491768;3706
40;AUT;Austria;2000;87.364433;38812.051
40;AUT;Austria;2010;87.227364;43174.977
40;AUT;Austria;1900;86.015007;2882
40;AUT;Austria;1970;81.531303;9747
40;AUT;Austria;1980;84.317146;13759
40;AUT;Austria;1990;85.322021;31265.287
40;AUT;Austria;1920;82.756104;2412
40;AUT;Austria;1960;75.411163;6519
40;AUT;Austria;1880;87.768036;2079
40;AUT;Austria;1890;88.525131;2443
108;BDI;Burundi;1950;2.4515922;360
108;BDI;Burundi;1880;15.573837;533.66669
108;BDI;Burundi;1890;28.255926;567.33331
108;BDI;Burundi;1910;27.064009;628.69232
108;BDI;Burundi;1940;25.942425;813
108;BDI;Burundi;1920;27.054239;682.62964
108;BDI;Burundi;2000;2.6087353;713.26978
108;BDI;Burundi;1960;2.1454961;444
108;BDI;Burundi;2010;1.9258878;707.7876
108;BDI;Burundi;1900;36.381325;601
108;BDI;Burundi;1980;3.2236793;603
108;BDI;Burundi;1930;26.277061;747.81482
108;BDI;Burundi;1990;2.8357027;1049.1814
108;BDI;Burundi;1970;1.8585533;540
56;BEL;Belgium;1920;87.271965;3962
56;BEL;Belgium;1890;92.597931;3428
56;BEL;Belgium;1880;92.572395;3065
56;BEL;Belgium;2010;89.668945;41086.551
56;BEL;Belgium;2000;90.130531;37253.473
56;BEL;Belgium;1940;84.391335;4562
56;BEL;Belgium;1970;87.452148;10611
56;BEL;Belgium;1980;90.524467;14467
56;BEL;Belgium;1910;87.449379;4064
56;BEL;Belgium;1900;88.48819;3731
56;BEL;Belgium;1960;86.51387;6952
56;BEL;Belgium;1930;87.697014;4979
56;BEL;Belgium;1990;89.041862;30701.26
56;BEL;Belgium;1950;84.957657;5462
204;BEN;Benin;1970;25.500978;1027
204;BEN;Benin;1950;29.504395;1084
204;BEN;Benin;1960;26.262554;978
204;BEN;Benin;1900;34.452255;601
204;BEN;Benin;1940;27.140636;813
204;BEN;Benin;2000;6.4292388;1646.4645
204;BEN;Benin;1910;16.328917;628.69232
204;BEN;Benin;1980;25.2798;1128
204;BEN;Benin;1930;25.32546;747.81482
204;BEN;Benin;1990;4.8991199;1456.0166
204;BEN;Benin;1920;24.738932;682.62964
204;BEN;Benin;1880;13.364529;533.66669
204;BEN;Benin;2010;5.9544435;1759.387
204;BEN;Benin;1890;26.614748;567.33331
854;BFA;Burkina Faso;1950;12.46583;474
854;BFA;Burkina Faso;1970;3.3194528;745
854;BFA;Burkina Faso;1960;2.2971661;609
854;BFA;Burkina Faso;1900;23.168137;601
854;BFA;Burkina Faso;1980;2.6319611;731
854;BFA;Burkina Faso;1880;1.3259195;533.66669
854;BFA;Burkina Faso;1930;22.74683;747.81482
854;BFA;Burkina Faso;1940;23.716272;813
854;BFA;Burkina Faso;1910;14.062026;628.69232
854;BFA;Burkina Faso;1920;22.395098;682.62964
854;BFA;Burkina Faso;2010;2.2252226;1420.9326
854;BFA;Burkina Faso;2000;1.7798048;1075.3955
854;BFA;Burkina Faso;1990;1.4692837;844.34253
854;BFA;Burkina Faso;1890;15.102069;567.33331
50;BGD;Bangladesh;1880;38.317455;566.66669
50;BGD;Bangladesh;1930;15.40499;614.5946
50;BGD;Bangladesh;1960;5.0509758;545
50;BGD;Bangladesh;1900;36.213741;608
50;BGD;Bangladesh;1990;8.6923437;1290.431
50;BGD;Bangladesh;2000;19.570387;1645.7173
50;BGD;Bangladesh;1950;16.307102;540
50;BGD;Bangladesh;1920;23.990692;651.89191
50;BGD;Bangladesh;1910;27.668882;661.84613
50;BGD;Bangladesh;1980;4.0725865;549
50;BGD;Bangladesh;1940;14.670443;577.2973
50;BGD;Bangladesh;1890;37.165516;587.33331
50;BGD;Bangladesh;1970;5.4226913;630
50;BGD;Bangladesh;2010;21.599051;2451.3052
100;BGR;Bulgaria;1940;70.964546;1548
100;BGR;Bulgaria;1960;76.519859;2912
100;BGR;Bulgaria;2000;74.960121;8958.0889
100;BGR;Bulgaria;1900;72.801399;1223
100;BGR;Bulgaria;1920;70.054733;1136.2727
100;BGR;Bulgaria;1950;70.208076;1651
100;BGR;Bulgaria;1970;79.976784;4773
100;BGR;Bulgaria;1990;75.63517;9296.9297
100;BGR;Bulgaria;1880;74.825218;985.5
100;BGR;Bulgaria;1930;70.003212;1284
100;BGR;Bulgaria;1980;81.519485;6044
100;BGR;Bulgaria;1910;75.798248;1456
100;BGR;Bulgaria;2010;78.304153;15283.246
100;BGR;Bulgaria;1890;74.232773;1131
48;BHR;Bahrain;1990;83.078407;35112.555
48;BHR;Bahrain;1920;44.749142;1242.9189
48;BHR;Bahrain;1930;39.829506;1529.9459
48;BHR;Bahrain;1940;35.592083;1816.973
48;BHR;Bahrain;1950;38.628914;2104
48;BHR;Bahrain;1880;60.58556;811.76746
48;BHR;Bahrain;2010;86.096413;39912.695
48;BHR;Bahrain;1910;44.397476;1021.0698
48;BHR;Bahrain;1960;47.034851;2843
48;BHR;Bahrain;1980;66.085365;4388
48;BHR;Bahrain;1970;52.497784;3788
48;BHR;Bahrain;2000;86.043159;44791.52
48;BHR;Bahrain;1900;45.584023;951.30231
48;BHR;Bahrain;1890;46.613892;881.53491
84;BLZ;Belize;2010;60.684231;7886.9976
84;BLZ;Belize;1940;78.243782;2165.7026
84;BLZ;Belize;1900;72.186157;845
84;BLZ;Belize;2000;72.661621;6964.0239
84;BLZ;Belize;1970;79.976784;4948
84;BLZ;Belize;1960;80.08123;3478
84;BLZ;Belize;1990;72.783783;5168.2886
84;BLZ;Belize;1920;73.800613;1431.1082
84;BLZ;Belize;1950;77.357277;2533
84;BLZ;Belize;1880;72.040855;647.66669
84;BLZ;Belize;1980;81.400345;5935
84;BLZ;Belize;1890;71.959023;746.33331
84;BLZ;Belize;1910;72.033806;1098.0769
84;BLZ;Belize;1930;76.809525;1798.4054
68;BOL;Bolivia;1950;63.459538;1919
68;BOL;Bolivia;1910;61.408249;978
68;BOL;Bolivia;2000;67.595413;4412.3276
68;BOL;Bolivia;1970;62.943172;2176
68;BOL;Bolivia;1930;64.06427;1384.375
68;BOL;Bolivia;1880;60.835548;583.33331
68;BOL;Bolivia;1900;61.715897;778
68;BOL;Bolivia;2010;60.437103;5407.6099
68;BOL;Bolivia;1940;63.779434;1588.125
68;BOL;Bolivia;1960;60.691296;1606
68;BOL;Bolivia;1890;61.554031;680.66669
68;BOL;Bolivia;1990;65.122795;3707.3044
68;BOL;Bolivia;1920;63.720306;1180.625
68;BOL;Bolivia;1980;64.352669;2572
76;BRA;Brazil;1940;60.143169;1250
76;BRA;Brazil;1970;48.40609;3057
76;BRA;Brazil;1920;61.274273;963
76;BRA;Brazil;1910;58.447365;769
76;BRA;Brazil;1900;59.124783;678
76;BRA;Brazil;2000;58.925381;11308.438
76;BRA;Brazil;1990;55.074524;10245.831
76;BRA;Brazil;1890;64.05587;794
76;BRA;Brazil;2010;61.067955;14405.931
76;BRA;Brazil;1980;50.918446;5195
76;BRA;Brazil;1930;57.878284;1048
76;BRA;Brazil;1960;49.233013;2335
76;BRA;Brazil;1880;65.424774;752
76;BRA;Brazil;1950;60.691559;1672
52;BRB;Barbados;1940;74.515846;2165.7026
52;BRB;Barbados;1960;75.988914;3478
52;BRB;Barbados;1880;69.049683;647.66669
52;BRB;Barbados;1900;69.094452;845
52;BRB;Barbados;1930;73.081017;1798.4054
52;BRB;Barbados;2000;79.315598;14440.409
52;BRB;Barbados;1920;69.746109;1431.1082
52;BRB;Barbados;1970;82.182518;4948
52;BRB;Barbados;1910;68.938179;1098.0769
52;BRB;Barbados;1890;69.65519;746.33331
52;BRB;Barbados;1980;81.414032;5935
52;BRB;Barbados;1950;74.623192;2533
52;BRB;Barbados;1990;81.8311;13298.485
52;BRB;Barbados;2010;77.688675;15345.843
96;BRN;Brunei Darussalam;1970;63.911316;2082
96;BRN;Brunei Darussalam;1980;67.161522;2522
96;BRN;Brunei Darussalam;1900;54.862995;686.39532
96;BRN;Brunei Darussalam;2000;87.375038;82716.547
96;BRN;Brunei Darussalam;1990;88.492226;85280.727
96;BRN;Brunei Darussalam;1930;55.443333;1042.8379
96;BRN;Brunei Darussalam;1910;53.504856;736.86047
96;BRN;Brunei Darussalam;2010;86.289162;79602.539
96;BRN;Brunei Darussalam;1960;58.884266;1632
96;BRN;Brunei Darussalam;1940;57.984791;1213.9189
96;BRN;Brunei Darussalam;1950;57.767147;1385
96;BRN;Brunei Darussalam;1920;56.295391;871.75677
96;BRN;Brunei Darussalam;1890;56.940899;635.93024
96;BRN;Brunei Darussalam;1880;56.662804;585.46509
72;BWA;Botswana;1940;39.811337;813
72;BWA;Botswana;1950;13.350575;349
72;BWA;Botswana;2000;74.709732;10361.311
72;BWA;Botswana;1920;37.990269;682.62964
72;BWA;Botswana;1990;70.081245;8099.2607
72;BWA;Botswana;1930;38.981152;747.81482
72;BWA;Botswana;1960;14.237597;403
72;BWA;Botswana;1970;16.855833;647
72;BWA;Botswana;1910;41.733078;628.69232
72;BWA;Botswana;1980;43.16061;1765
72;BWA;Botswana;1880;30.154564;533.66669
72;BWA;Botswana;1900;51.122261;601
72;BWA;Botswana;2010;75.72728;13119.551
72;BWA;Botswana;1890;41.688824;567.33331
140;CAF;Central African Republic;1920;27.295179;682.62964
140;CAF;Central African Republic;1930;26.406612;747.81482
140;CAF;Central African Republic;1940;24.981709;813
140;CAF;Central African Republic;1880;14.847019;533.66669
140;CAF;Central African Republic;1970;24.309439;891
140;CAF;Central African Republic;2000;3.6291809;825.73743
140;CAF;Central African Republic;1980;4.1531682;737
140;CAF;Central African Republic;2010;2.9197621;888.71686
140;CAF;Central African Republic;1960;25.879782;925
140;CAF;Central African Republic;1990;4.4650741;932.87671
140;CAF;Central African Republic;1890;27.738585;567.33331
140;CAF;Central African Republic;1950;25.55043;772
140;CAF;Central African Republic;1900;36.088554;601
140;CAF;Central African Republic;1910;24.50584;628.69232
124;CAN;Canada;1960;92.658073;8753
124;CAN;Canada;1970;93.296211;12050
124;CAN;Canada;1890;93.995995;2378
124;CAN;Canada;1910;95.647369;4066
124;CAN;Canada;2000;92.350113;37431.918
124;CAN;Canada;1990;93.862198;31299.654
124;CAN;Canada;2010;93.772118;40699.355
124;CAN;Canada;1980;93.829315;16176
124;CAN;Canada;1940;90.973991;5368
124;CAN;Canada;1930;92.012886;4811
124;CAN;Canada;1920;94.99939;3861
124;CAN;Canada;1880;92.656921;1816
124;CAN;Canada;1950;92.876808;7291
124;CAN;Canada;1900;93.751785;2911
756;CHE;Switzerland;1980;96.900505;18779
756;CHE;Switzerland;1960;94.323448;12457
756;CHE;Switzerland;2000;91.345139;50314.074
756;CHE;Switzerland;2010;91.012245;55541.672
756;CHE;Switzerland;1900;96.139709;3833
756;CHE;Switzerland;1920;95.288918;4314
756;CHE;Switzerland;1950;93.730804;9064
756;CHE;Switzerland;1990;93.816856;47768.352
756;CHE;Switzerland;1880;96.406197;2450
756;CHE;Switzerland;1930;96.51458;6246
756;CHE;Switzerland;1970;96.291206;16904
756;CHE;Switzerland;1910;95.647369;4331
756;CHE;Switzerland;1940;93.157677;6397
756;CHE;Switzerland;1890;96.0877;3182
152;CHL;Chile;2000;81.399338;14887.898
152;CHL;Chile;1910;75.466141;3000
152;CHL;Chile;1920;75.340797;2768
152;CHL;Chile;1990;74.840828;9244.1592
152;CHL;Chile;1930;77.902245;2859
152;CHL;Chile;1880;75.339874;1740
152;CHL;Chile;2010;82.043282;19357.473
152;CHL;Chile;1890;74.702782;1966
152;CHL;Chile;1960;81.290314;4270
152;CHL;Chile;1970;74.797554;5231
152;CHL;Chile;1900;74.286224;2194
152;CHL;Chile;1940;80.065254;3236
152;CHL;Chile;1950;80.209404;3670
152;CHL;Chile;1980;75.590805;5680
156;CHN;China;1900;27.227442;545
156;CHN;China;1930;28.381134;568
156;CHN;China;1920;27.318319;556.375
156;CHN;China;2010;58.952156;9525.8193
156;CHN;China;2000;53.152489;3700.7439
156;CHN;China;1960;32.467205;662
156;CHN;China;1990;38.591496;1526.4088
156;CHN;China;1940;28.819357;543
156;CHN;China;1890;27.489487;540
156;CHN;China;1980;44.880737;1061
156;CHN;China;1950;29.243874;448
156;CHN;China;1970;33.993305;778
156;CHN;China;1910;26.726719;550.38464
156;CHN;China;1880;30.605957;535
384;CIV;Côte d'Ivoire;1920;25.034893;682.62964
384;CIV;Côte d'Ivoire;1900;23.896578;601
384;CIV;Côte d'Ivoire;1940;23.963064;813
384;CIV;Côte d'Ivoire;1950;28.476187;1041
384;CIV;Côte d'Ivoire;1930;23.95949;747.81482
384;CIV;Côte d'Ivoire;1960;31.213163;1256
384;CIV;Côte d'Ivoire;1910;16.067568;628.69232
384;CIV;Côte d'Ivoire;2000;20.771715;2977.6953
384;CIV;Côte d'Ivoire;1890;24.726908;567.33331
384;CIV;Côte d'Ivoire;1880;15.333624;533.66669
384;CIV;Côte d'Ivoire;1980;32.958385;2041
384;CIV;Côte d'Ivoire;2010;9.9097223;2726.2886
384;CIV;Côte d'Ivoire;1970;31.693548;1808
384;CIV;Côte d'Ivoire;1990;30.177212;3220.4946
120;CMR;Cameroon;1880;30.418339;533.66669
120;CMR;Cameroon;1960;29.751005;832
120;CMR;Cameroon;1920;36.713715;682.62964
120;CMR;Cameroon;1930;36.544502;747.81482
120;CMR;Cameroon;2000;25.072468;2403.8638
120;CMR;Cameroon;1990;42.993015;2768.3225
120;CMR;Cameroon;1900;50.034058;601
120;CMR;Cameroon;1980;40.27961;1192
120;CMR;Cameroon;1940;38.852566;813
120;CMR;Cameroon;1970;38.383266;982
120;CMR;Cameroon;1910;28.586201;628.69232
120;CMR;Cameroon;1890;43.192234;567.33331
120;CMR;Cameroon;1950;36.851097;671
120;CMR;Cameroon;2010;23.714863;2574.97
180;COD;Congo, Dem Rep;1900;36.454021;601
180;COD;Congo, Dem Rep;1940;27.634527;813
180;COD;Congo, Dem Rep;1910;27.617571;628.69232
180;COD;Congo, Dem Rep;1960;16.997971;748
180;COD;Congo, Dem Rep;1980;4.1519494;598
180;COD;Congo, Dem Rep;1950;16.35652;570
180;COD;Congo, Dem Rep;2000;2.533988;518.49756
180;COD;Congo, Dem Rep;1930;28.867607;747.81482
180;COD;Congo, Dem Rep;1970;5.4162812;768
180;COD;Congo, Dem Rep;1990;7.1989713;1267.7064
180;COD;Congo, Dem Rep;1920;35.319668;682.62964
180;COD;Congo, Dem Rep;1890;28.873093;567.33331
180;COD;Congo, Dem Rep;1880;30.251099;533.66669
180;COD;Congo, Dem Rep;2010;2.1644931;596.32288
178;COG;Congo;1890;42.81974;567.33331
178;COG;Congo;1880;30.06912;533.66669
178;COG;Congo;2010;37.508343;5595.2964
178;COG;Congo;1970;43.443241;1696
178;COG;Congo;1900;49.392765;601
178;COG;Congo;1910;41.817299;628.69232
178;COG;Congo;1990;53.585503;5256.7109
178;COG;Congo;1940;37.390408;813
178;COG;Congo;1920;38.725872;682.62964
178;COG;Congo;1960;42.748672;1416
178;COG;Congo;1930;36.545498;747.81482
178;COG;Congo;1950;41.734589;1198
178;COG;Congo;1980;49.349678;2324
178;COG;Congo;2000;49.379879;4647.9531
170;COL;Colombia;1930;67.440979;1474
170;COL;Colombia;1970;65.329811;3094
170;COL;Colombia;1900;63.108658;973
170;COL;Colombia;1890;63.957508;896
170;COL;Colombia;1940;65.142769;1895
170;COL;Colombia;2000;57.801353;8308.2227
170;COL;Colombia;1910;62.411053;1162
170;COL;Colombia;1950;65.747131;2153
170;COL;Colombia;1990;67.829681;7533.519
170;COL;Colombia;1880;64.933403;819
170;COL;Colombia;1960;63.727448;2497
170;COL;Colombia;1980;66.831337;4257
170;COL;Colombia;1920;64.164398;1255
170;COL;Colombia;2010;59.636009;10900.504
188;CRI;Costa Rica;1930;68.820168;1626
188;CRI;Costa Rica;1940;65.163666;1763
188;CRI;Costa Rica;1950;65.960442;1963
188;CRI;Costa Rica;1990;70.576118;7787.1641
188;CRI;Costa Rica;1910;63.108833;978
188;CRI;Costa Rica;1970;65.900597;3754
188;CRI;Costa Rica;2010;72.739906;13000.013
188;CRI;Costa Rica;1960;65.444313;2715
188;CRI;Costa Rica;1980;69.447281;4911
188;CRI;Costa Rica;1890;63.370941;680.66669
188;CRI;Costa Rica;1900;63.197289;778
188;CRI;Costa Rica;2000;72.372566;9878.2715
188;CRI;Costa Rica;1920;69.53904;1624
188;CRI;Costa Rica;1880;61.149078;583.33331
192;CUB;Cuba;1990;82.723061;13694.412
192;CUB;Cuba;1910;60.515575;978
192;CUB;Cuba;1970;67.662643;1917
192;CUB;Cuba;1950;66.626732;2046
192;CUB;Cuba;1960;64.049675;2052
192;CUB;Cuba;1900;60.691757;778
192;CUB;Cuba;2000;77.721405;11289.782
192;CUB;Cuba;1890;61.203678;680.66669
192;CUB;Cuba;1940;61.803669;1208
192;CUB;Cuba;1880;57.635746;583.33331
192;CUB;Cuba;1920;63.473866;1300.9375
192;CUB;Cuba;1980;70.279907;2644
192;CUB;Cuba;2010;83.01342;18433.902
192;CUB;Cuba;1930;68.114922;1505
196;CYP;Cyprus;1940;72.37307;3824
196;CYP;Cyprus;1950;74.231407;3846
196;CYP;Cyprus;1920;73.520882;2536
196;CYP;Cyprus;2010;84.794022;33941.285
196;CYP;Cyprus;1980;81.114189;10436
196;CYP;Cyprus;1890;76.349915;2028
196;CYP;Cyprus;1900;75.390305;2361
196;CYP;Cyprus;1990;84.506111;23300.775
196;CYP;Cyprus;1960;80.265091;4988
196;CYP;Cyprus;1880;80.687813;1815
196;CYP;Cyprus;1930;73.765816;3291
196;CYP;Cyprus;1910;74.082458;2721.7693
196;CYP;Cyprus;1970;78.974907;7399
196;CYP;Cyprus;2000;85.589767;30085.904
203;CZE;Czech Republic;1880;84.156052;1689.3025
203;CZE;Czech Republic;1950;77.641365;2629.231
203;CZE;Czech Republic;1940;79.255653;2596.0459
203;CZE;Czech Republic;1960;87.115768;4102.689
203;CZE;Czech Republic;2000;89.89666;21137.182
203;CZE;Czech Republic;1890;83.664848;1910.428
203;CZE;Czech Republic;2010;89.972534;28289.889
203;CZE;Czech Republic;1970;87.112076;6449.6768
203;CZE;Czech Republic;1900;82.808083;2174.532
203;CZE;Czech Republic;1980;87.890167;8468.6406
203;CZE;Czech Republic;1990;87.786209;19965.246
203;CZE;Czech Republic;1920;81.365776;2391.1492
203;CZE;Czech Republic;1930;79.818504;2435.1345
203;CZE;Czech Republic;1910;82.111137;2527.9956
276;DEU;Germany;1980;81.458237;14114
276;DEU;Germany;1950;87.322128;3881
276;DEU;Germany;1970;80.832748;10839
276;DEU;Germany;1910;88.96817;3348
276;DEU;Germany;2010;92.546394;40428.723
276;DEU;Germany;1880;90.709053;1991
276;DEU;Germany;1960;83.915833;7705
276;DEU;Germany;1920;87.662849;2796
276;DEU;Germany;1900;90.010223;2985
276;DEU;Germany;1890;91.899727;2428
276;DEU;Germany;1940;90.056442;5403
276;DEU;Germany;2000;89.279602;36764.563
276;DEU;Germany;1990;86.268677;31287.07
276;DEU;Germany;1930;87.47525;3973
208;DNK;Denmark;2010;88.418976;43757.738
208;DNK;Denmark;1950;87.338036;6943
208;DNK;Denmark;1960;91.18531;8812
208;DNK;Denmark;1990;90.434631;33843.961
208;DNK;Denmark;1900;89.625748;3017
208;DNK;Denmark;1890;90.275772;2523
208;DNK;Denmark;1970;93.168953;12686
208;DNK;Denmark;1920;88.090202;3992
208;DNK;Denmark;2000;89.487686;42430
208;DNK;Denmark;1930;88.300941;5341
208;DNK;Denmark;1980;93.321754;15227
208;DNK;Denmark;1940;86.81665;5116
208;DNK;Denmark;1880;92.325607;2181
208;DNK;Denmark;1910;87.285194;3705
214;DOM;Dominican Republic;1930;56.152901;1032.9459
214;DOM;Dominican Republic;1890;58.851234;680.66669
214;DOM;Dominican Republic;1990;65.471779;5267.103
214;DOM;Dominican Republic;1880;57.008709;583.33331
214;DOM;Dominican Republic;1970;61.082565;1561
214;DOM;Dominican Republic;1920;60.113762;1035.9189
214;DOM;Dominican Republic;1950;55.47086;1027
214;DOM;Dominican Republic;2010;57.486111;11123.533
214;DOM;Dominican Republic;1980;63.061699;2372
214;DOM;Dominican Republic;1940;55.531719;1029.973
214;DOM;Dominican Republic;1960;57.550873;1302
214;DOM;Dominican Republic;1900;60.33075;778
214;DOM;Dominican Republic;1910;59.709282;978
214;DOM;Dominican Republic;2000;57.282784;7963.7046
12;DZA;Algeria;1930;44.977055;1255.8108
12;DZA;Algeria;2010;71.197067;12898.296
12;DZA;Algeria;1940;44.779755;1310.4054
12;DZA;Algeria;1970;35.971504;2249
12;DZA;Algeria;1900;45.885971;1027.5581
12;DZA;Algeria;1980;45.94397;3152
12;DZA;Algeria;1920;45.097252;1201.2162
12;DZA;Algeria;1880;46.195377;819.18604
12;DZA;Algeria;1910;45.204975;1131.7441
12;DZA;Algeria;1990;56.705368;10238.884
12;DZA;Algeria;2000;59.64027;10211.104
12;DZA;Algeria;1890;46.579079;923.37207
12;DZA;Algeria;1950;42.300919;1365
12;DZA;Algeria;1960;32.900574;2088
218;ECU;Ecuador;1960;62.790382;2289
218;ECU;Ecuador;1910;62.181351;978
218;ECU;Ecuador;1920;63.499893;1108.8077
218;ECU;Ecuador;2000;68.662956;7387.6157
218;ECU;Ecuador;2010;48.91156;9352.3428
218;ECU;Ecuador;1970;64.249855;2845
218;ECU;Ecuador;1950;64.035385;1863
218;ECU;Ecuador;1880;60.800522;583.33331
218;ECU;Ecuador;1890;62.133507;680.66669
218;ECU;Ecuador;1940;63.280563;1356
218;ECU;Ecuador;1980;68.148262;4129
218;ECU;Ecuador;1990;69.84967;7472.0293
218;ECU;Ecuador;1930;62.288494;1209.9615
218;ECU;Ecuador;1900;61.664852;778
818;EGY;Egypt;1980;33.597908;2069
818;EGY;Egypt;1880;42.241821;707.83722
818;EGY;Egypt;1960;27.120373;991
818;EGY;Egypt;1930;39.770252;905.67566
818;EGY;Egypt;1950;38.951237;910
818;EGY;Egypt;1910;31.336254;884.34882
818;EGY;Egypt;1920;31.163433;903.51349
818;EGY;Egypt;2010;55.775925;10102.101
818;EGY;Egypt;1990;50.199753;6014.3013
818;EGY;Egypt;1940;39.530235;907.83783
818;EGY;Egypt;2000;53.263618;7556.71
818;EGY;Egypt;1900;32.409687;825.51166
818;EGY;Egypt;1970;30.459087;1254
818;EGY;Egypt;1890;41.723969;766.67444
724;ESP;Spain;2000;83.710327;29967.166
724;ESP;Spain;1890;82.744347;1624
724;ESP;Spain;1950;73.769653;2189
724;ESP;Spain;1990;78.431808;23758.762
724;ESP;Spain;1910;80.875023;1895
724;ESP;Spain;1970;74.334602;6319
724;ESP;Spain;1940;73.821037;2080
724;ESP;Spain;1960;66.172241;3072
724;ESP;Spain;1900;82.941383;1786
724;ESP;Spain;1880;84.486488;1646
724;ESP;Spain;1930;79.818512;2620
724;ESP;Spain;1980;76.824883;9203
724;ESP;Spain;1920;81.495422;2177
724;ESP;Spain;2010;85.359718;32506.434
233;EST;Estonia;1900;80.134163;1237
233;EST;Estonia;1950;83.709061;2841
233;EST;Estonia;1980;86.040237;9547.6475
233;EST;Estonia;1920;78.759369;1432.9333
233;EST;Estonia;2000;88.902672;15703.029
233;EST;Estonia;1880;78.668221;1041
233;EST;Estonia;1910;80.728287;1430.0769
233;EST;Estonia;1890;81.093933;1139
233;EST;Estonia;1960;79.887543;3945
233;EST;Estonia;1970;81.479393;5575
233;EST;Estonia;1940;79.266342;2144
233;EST;Estonia;1990;79.698456;10820
233;EST;Estonia;1930;78.809135;1448
233;EST;Estonia;2010;87.317307;22740.965
231;ETH;Ethiopia;1990;1.2060363;652.35223
231;ETH;Ethiopia;1950;1.1588339;390
231;ETH;Ethiopia;2000;1.7180899;619.11432
231;ETH;Ethiopia;2010;2.212363;1075.5537
231;ETH;Ethiopia;1930;23.898621;747.81482
231;ETH;Ethiopia;1900;24.121456;601
231;ETH;Ethiopia;1940;24.763592;813
231;ETH;Ethiopia;1890;25.534616;567.33331
231;ETH;Ethiopia;1880;12.423359;533.66669
231;ETH;Ethiopia;1980;2.3888447;648
231;ETH;Ethiopia;1960;.70217055;440
231;ETH;Ethiopia;1910;15.66812;628.69232
231;ETH;Ethiopia;1970;.94433385;595
231;ETH;Ethiopia;1920;23.71903;682.62964
246;FIN;Finland;1950;79.161316;4253
246;FIN;Finland;2000;82.268417;34887.18
246;FIN;Finland;1970;83.364708;9577
246;FIN;Finland;1900;69.515244;1668
246;FIN;Finland;1910;69.62458;1906
246;FIN;Finland;1930;71.3992;2666
246;FIN;Finland;2010;87.093582;39848.133
246;FIN;Finland;1960;84.38752;6230
246;FIN;Finland;1890;68.563393;1381
246;FIN;Finland;1990;83.746834;28905.57
246;FIN;Finland;1920;69.303398;1846
246;FIN;Finland;1940;74.001205;3220
246;FIN;Finland;1980;86.928513;12949
246;FIN;Finland;1880;69.219086;1155
242;FJI;Fiji;1960;64.801086;1632
242;FJI;Fiji;2000;74.643196;6673.8472
242;FJI;Fiji;1980;69.159454;2522
242;FJI;Fiji;1880;58.044296;585.46509
242;FJI;Fiji;1920;58.195183;871.75677
242;FJI;Fiji;1940;61.61232;1213.9189
242;FJI;Fiji;2010;61.816265;7352.0713
242;FJI;Fiji;1970;67.141808;2082
242;FJI;Fiji;1950;62.168522;1385
242;FJI;Fiji;1890;60.202358;635.93024
242;FJI;Fiji;1930;58.39579;1042.8379
242;FJI;Fiji;1990;73.743813;5891.3062
242;FJI;Fiji;1910;56.709484;736.86047
242;FJI;Fiji;1900;58.111477;686.39532
250;FRA;France;1990;81.94088;29527.975
250;FRA;France;1930;90.486153;4532
250;FRA;France;1910;88.656975;2965
250;FRA;France;1970;80.834366;11410
250;FRA;France;1900;89.798355;2876
250;FRA;France;1950;90.041595;5186
250;FRA;France;1890;88.460648;2376
250;FRA;France;1960;77.004723;7398
250;FRA;France;2000;86.760818;34896.387
250;FRA;France;1940;88.828598;4042
250;FRA;France;2010;88.194969;36872.227
250;FRA;France;1980;83.847992;14766
250;FRA;France;1880;90.652191;2120
250;FRA;France;1920;90.435852;3227
266;GAB;Gabon;2000;66.055122;17776.357
266;GAB;Gabon;1950;45.118568;3108
266;GAB;Gabon;1890;42.399185;567.33331
266;GAB;Gabon;1980;55.036613;6777
266;GAB;Gabon;1920;36.242943;682.62964
266;GAB;Gabon;1930;37.582039;747.81482
266;GAB;Gabon;1940;37.429638;813
266;GAB;Gabon;1880;30.043226;533.66669
266;GAB;Gabon;1910;27.473902;628.69232
266;GAB;Gabon;1960;44.387249;4184
266;GAB;Gabon;1990;62.215469;19499.553
266;GAB;Gabon;1970;53.789257;5869
266;GAB;Gabon;2010;74.466629;16334.479
266;GAB;Gabon;1900;38.309849;601
826;GBR;United Kingdom;2010;85.16819;36195.867
826;GBR;United Kingdom;1960;88.624603;8645
826;GBR;United Kingdom;1980;85.964256;12931
826;GBR;United Kingdom;1910;89.751732;4611
826;GBR;United Kingdom;1900;92.561478;4492
826;GBR;United Kingdom;1940;90.169868;6856
826;GBR;United Kingdom;1880;92.981644;3477
826;GBR;United Kingdom;2000;83.181999;32961.527
826;GBR;United Kingdom;1930;89.483643;5441
826;GBR;United Kingdom;1890;92.597946;4009
826;GBR;United Kingdom;1950;89.183769;6939
826;GBR;United Kingdom;1920;89.690254;4548
826;GBR;United Kingdom;1970;87.493591;10767
826;GBR;United Kingdom;1990;83.522957;26769.357
288;GHA;Ghana;1930;54.814796;937.67566
288;GHA;Ghana;2010;28.21961;3083.8674
288;GHA;Ghana;1920;55.719124;845.51349
288;GHA;Ghana;1880;32.22633;518.53491
288;GHA;Ghana;1940;43.649723;1029.8379
288;GHA;Ghana;1960;33.599968;1378
288;GHA;Ghana;1990;58.991314;1919.5967
288;GHA;Ghana;1890;57.97049;598.06976
288;GHA;Ghana;1970;58.791405;1424
288;GHA;Ghana;1980;57.306694;1157
288;GHA;Ghana;1900;56.799576;677.60468
288;GHA;Ghana;1950;44.215172;1122
288;GHA;Ghana;1910;55.950211;757.13953
288;GHA;Ghana;2000;28.84598;2272.71
270;GMB;Gambia;1940;26.262411;813
270;GMB;Gambia;1920;26.560299;682.62964
270;GMB;Gambia;1990;5.5630264;1516.9594
270;GMB;Gambia;1890;28.561117;567.33331
270;GMB;Gambia;1880;15.369724;533.66669
270;GMB;Gambia;1930;25.515852;747.81482
270;GMB;Gambia;1910;14.635372;628.69232
270;GMB;Gambia;1960;15.683496;722
270;GMB;Gambia;1900;33.983418;601
270;GMB;Gambia;2010;4.722445;1654.9081
270;GMB;Gambia;1950;15.504705;607
270;GMB;Gambia;1970;23.83787;879
270;GMB;Gambia;1980;13.252146;1039
270;GMB;Gambia;2000;4.6234922;1564.2334
300;GRC;Greece;1900;73.851517;1351
300;GRC;Greece;1920;72.291748;1433
300;GRC;Greece;1980;80.66655;8971
300;GRC;Greece;1990;83.929703;20686.137
300;GRC;Greece;1970;81.681213;6211
300;GRC;Greece;1960;78.588821;3146
300;GRC;Greece;1930;77.065453;2258
300;GRC;Greece;1950;69.585037;1915
300;GRC;Greece;2000;82.079109;24839.076
300;GRC;Greece;1880;74.106285;1029
300;GRC;Greece;1890;76.90815;1178
300;GRC;Greece;1940;75.630318;2223
300;GRC;Greece;2010;85.653824;28726.08
300;GRC;Greece;1910;73.12838;1536.3846
320;GTM;Guatemala;1960;44.905407;2193
320;GTM;Guatemala;1950;50.276123;2085
320;GTM;Guatemala;1890;58.481236;680.66669
320;GTM;Guatemala;1880;56.680325;583.33331
320;GTM;Guatemala;1930;64.629356;1776
320;GTM;Guatemala;2010;25.479139;6667.6348
320;GTM;Guatemala;1920;61.201767;1272
320;GTM;Guatemala;1910;59.639885;978
320;GTM;Guatemala;1940;56.415558;2742
320;GTM;Guatemala;2000;37.95076;6051.0205
320;GTM;Guatemala;1990;45.886974;5159.4004
320;GTM;Guatemala;1980;46.549034;4005
320;GTM;Guatemala;1970;45.347363;2919
320;GTM;Guatemala;1900;59.884918;778
328;GUY;Guyana;1980;74.769173;5935
328;GUY;Guyana;1910;69.818855;1098.0769
328;GUY;Guyana;2010;57.296577;5783.0884
328;GUY;Guyana;1990;62.081642;2928.071
328;GUY;Guyana;2000;67.140648;4580.0933
328;GUY;Guyana;1920;71.354019;1431.1082
328;GUY;Guyana;1890;71.133743;746.33331
328;GUY;Guyana;1880;69.761818;647.66669
328;GUY;Guyana;1970;74.191521;4948
328;GUY;Guyana;1960;71.467819;3478
328;GUY;Guyana;1940;74.504784;2165.7026
328;GUY;Guyana;1950;72.744034;2533
328;GUY;Guyana;1900;70.035751;845
328;GUY;Guyana;1930;74.137543;1798.4054
344;HKG;Hong Kong;1980;81.889038;10503
344;HKG;Hong Kong;1970;78.479698;5695
344;HKG;Hong Kong;1900;63.224159;1098.814
344;HKG;Hong Kong;1960;71.163612;3134
344;HKG;Hong Kong;2000;85.260384;34016.789
344;HKG;Hong Kong;1990;86.347893;26974.373
344;HKG;Hong Kong;1880;62.960052;821.60468
344;HKG;Hong Kong;1930;68.781563;1710.4324
344;HKG;Hong Kong;1950;68.506134;2218
344;HKG;Hong Kong;1890;63.81638;960.20929
344;HKG;Hong Kong;1940;66.171806;1964.2162
344;HKG;Hong Kong;2010;89.249359;48107.727
344;HKG;Hong Kong;1920;68.200905;1456.6487
344;HKG;Hong Kong;1910;62.533257;1237.4186
340;HND;Honduras;2010;31.078709;4336.8213
340;HND;Honduras;1990;48.884209;3205.2842
340;HND;Honduras;1890;62.035713;680.66669
340;HND;Honduras;1960;45.361172;1398
340;HND;Honduras;1930;65.580399;1563
340;HND;Honduras;1950;45.912506;1313
340;HND;Honduras;2000;38.218887;3478.4346
340;HND;Honduras;1910;62.050964;978
340;HND;Honduras;1970;43.146896;1556
340;HND;Honduras;1900;61.977058;778
340;HND;Honduras;1880;60.491505;583.33331
340;HND;Honduras;1920;64.321587;1274
340;HND;Honduras;1980;45.850662;2062
340;HND;Honduras;1940;56.911499;1160
191;HRV;Croatia;2000;79.917542;15745.278
191;HRV;Croatia;1990;72.084877;7351
191;HRV;Croatia;1950;73.538246;2111
191;HRV;Croatia;1930;77.626984;1944.4546
191;HRV;Croatia;1900;79.369652;1438
191;HRV;Croatia;2010;78.641861;20118.156
191;HRV;Croatia;1910;76.503494;1636
191;HRV;Croatia;1960;74.575401;3070
191;HRV;Croatia;1890;80.199135;1254
191;HRV;Croatia;1880;80.487228;1095.5
191;HRV;Croatia;1920;77.674721;1803.0625
191;HRV;Croatia;1980;76.334885;5786
191;HRV;Croatia;1970;73.15229;4315
191;HRV;Croatia;1940;72.867569;1969
332;HTI;Haiti;1890;43.900043;680.66669
332;HTI;Haiti;1880;42.137203;583.33331
332;HTI;Haiti;1960;29.25354;1062
332;HTI;Haiti;1970;25.413349;919
332;HTI;Haiti;2000;19.628742;1739.3921
332;HTI;Haiti;2010;16.868803;1502.0327
332;HTI;Haiti;1950;31.917686;1051
332;HTI;Haiti;1990;16.740393;1005
332;HTI;Haiti;1930;39.518162;1041.7188
332;HTI;Haiti;1900;43.988758;778
332;HTI;Haiti;1980;28.608925;1268
332;HTI;Haiti;1910;43.866268;978
332;HTI;Haiti;1920;43.046593;1039.5313
332;HTI;Haiti;1940;31.089138;1043.9063
348;HUN;Hungary;1990;74.066658;6459
348;HUN;Hungary;2010;87.218033;22277.373
348;HUN;Hungary;1930;78.432671;2404
348;HUN;Hungary;1920;77.33577;1709
348;HUN;Hungary;2000;89.092445;17855.043
348;HUN;Hungary;1890;81.331894;1473
348;HUN;Hungary;1960;80.085732;3649
348;HUN;Hungary;1880;81.720963;1282.5
348;HUN;Hungary;1910;80.551804;2000
348;HUN;Hungary;1900;80.686424;1682
348;HUN;Hungary;1950;76.508614;2480
348;HUN;Hungary;1970;80.547836;5028
348;HUN;Hungary;1940;78.369514;2626
348;HUN;Hungary;1980;81.91716;6306
360;IDN;Indonesia;1890;57.823353;612
360;IDN;Indonesia;2010;41.214973;8465.2959
360;IDN;Indonesia;1880;60.306423;601
360;IDN;Indonesia;1930;44.362366;1141
360;IDN;Indonesia;1950;39.863281;803
360;IDN;Indonesia;1940;43.741428;1165
360;IDN;Indonesia;1990;46.568325;4477.3101
360;IDN;Indonesia;1960;41.076496;1012
360;IDN;Indonesia;1980;46.566666;1870
360;IDN;Indonesia;1970;43.915085;1181
360;IDN;Indonesia;2000;49.605408;5805.8086
360;IDN;Indonesia;1920;56.275658;923
360;IDN;Indonesia;1910;55.981045;803
360;IDN;Indonesia;1900;57.884731;704
356;IND;India;1920;24.397694;635
356;IND;India;1910;27.853504;697
356;IND;India;2010;22.542639;4404.5376
356;IND;India;1940;27.014452;686
356;IND;India;1960;28.403925;753
356;IND;India;1890;25.428883;584
356;IND;India;1930;27.047102;726
356;IND;India;1990;30.652;1773.123
356;IND;India;1950;25.925478;619
356;IND;India;1970;29.206398;868
356;IND;India;1980;18.609552;938
356;IND;India;2000;20.436621;2521.3435
356;IND;India;1880;25.881859;545.85712
356;IND;India;1900;23.176788;599
372;IRL;Ireland;2000;91.306999;40815.02
372;IRL;Ireland;1960;85.691414;4282
372;IRL;Ireland;1940;81.705017;3052
372;IRL;Ireland;1950;80.945671;3453
372;IRL;Ireland;1910;83.16053;2668.9534
372;IRL;Ireland;1980;87.714561;8541
372;IRL;Ireland;1920;82.780785;2558.375
372;IRL;Ireland;1880;86.633049;1998.4884
372;IRL;Ireland;1930;82.949165;2897
372;IRL;Ireland;1970;85.916916;6199
372;IRL;Ireland;1990;89.359589;22116.979
372;IRL;Ireland;1900;84.221321;2445.4651
372;IRL;Ireland;1890;84.447563;2221.9768
372;IRL;Ireland;2010;93.44828;45661.469
364;IRN;Iran;1980;48.840298;3974
364;IRN;Iran;1960;33.529964;2156
364;IRN;Iran;1930;33.108948;1330.8108
364;IRN;Iran;1900;44.31723;915.04651
364;IRN;Iran;1990;55.010235;10173.677
364;IRN;Iran;1970;48.906567;4189
364;IRN;Iran;2000;73.065193;11904.672
364;IRN;Iran;1910;41.893963;980.39532
364;IRN;Iran;1920;33.261494;1136.2162
364;IRN;Iran;1880;45.950386;784.34882
364;IRN;Iran;2010;76.485092;17517.434
364;IRN;Iran;1950;33.288944;1720
364;IRN;Iran;1940;32.905762;1525.4054
364;IRN;Iran;1890;45.569065;849.69769
368;IRQ;Iraq;2010;52.967228;12674.15
368;IRQ;Iraq;1980;43.408077;6377
368;IRQ;Iraq;2000;55.246822;12171.991
368;IRQ;Iraq;1890;31.785259;849.69769
368;IRQ;Iraq;1970;37.083767;3473
368;IRQ;Iraq;1960;34.32486;2735
368;IRQ;Iraq;1950;29.449913;1364
368;IRQ;Iraq;1900;31.266684;915.04651
368;IRQ;Iraq;1930;29.916414;1167.2433
368;IRQ;Iraq;1910;30.550797;980.39532
368;IRQ;Iraq;1920;30.355991;1068.8649
368;IRQ;Iraq;1940;30.333963;1265.6216
368;IRQ;Iraq;1880;32.4618;784.34882
368;IRQ;Iraq;1990;56.600487;11515.501
352;ISL;Iceland;1990;85.262047;28627.467
352;ISL;Iceland;1920;82.641762;2536
352;ISL;Iceland;1950;82.504082;3846
352;ISL;Iceland;1970;83.200569;7399
352;ISL;Iceland;1940;83.110268;3824
352;ISL;Iceland;1880;85.807762;1815
352;ISL;Iceland;2010;88.94268;38790.309
352;ISL;Iceland;1900;84.392685;2361
352;ISL;Iceland;1960;83.685593;4988
352;ISL;Iceland;1980;84.737366;10436
352;ISL;Iceland;1890;85.071861;2028
352;ISL;Iceland;1910;83.499405;2721.7693
352;ISL;Iceland;2000;85.59626;33575
352;ISL;Iceland;1930;83.935997;3291
376;ISR;Israel;1890;72.637901;881.53491
376;ISR;Israel;1920;68.191414;1377.8108
376;ISR;Israel;1940;71.861687;2337.2703
376;ISR;Israel;1970;86.961533;8101
376;ISR;Israel;1990;87.620995;19760.158
376;ISR;Israel;1960;85.499138;4663
376;ISR;Israel;1950;75.120659;2817
376;ISR;Israel;1930;71.17733;1857.5405
376;ISR;Israel;2000;89.825806;26090.172
376;ISR;Israel;1900;69.728386;951.30231
376;ISR;Israel;2010;86.517677;29599.793
376;ISR;Israel;1880;73.873543;811.76746
376;ISR;Israel;1910;66.845604;1021.0698
376;ISR;Israel;1980;88.694336;10984
380;ITA;Italy;1880;75.903419;1581
380;ITA;Italy;1990;84.649384;31141.902
380;ITA;Italy;1900;77.271034;1785
380;ITA;Italy;1970;80.331573;9719
380;ITA;Italy;1980;81.554047;13149
380;ITA;Italy;1910;78.044998;2332
380;ITA;Italy;1930;79.51049;2918
380;ITA;Italy;1960;78.223289;5916
380;ITA;Italy;1940;78.931496;3505
380;ITA;Italy;2000;84.989059;36535.82
380;ITA;Italy;1950;78.272423;3502
380;ITA;Italy;1920;78.919037;2587
380;ITA;Italy;2010;85.016357;36201.16
380;ITA;Italy;1890;78.109215;1667
388;JAM;Jamaica;1890;53.223537;568.95349
388;JAM;Jamaica;1990;69.727081;7403.5703
388;JAM;Jamaica;1950;66.778885;1327
388;JAM;Jamaica;2000;73.885284;8104.915
388;JAM;Jamaica;1940;65.220001;971
388;JAM;Jamaica;1900;50.751251;585.93024
388;JAM;Jamaica;1880;58.544159;551.97675
388;JAM;Jamaica;1980;67.633354;3121
388;JAM;Jamaica;1970;69.013641;3849
388;JAM;Jamaica;1960;65.394264;2654
388;JAM;Jamaica;1930;63.437763;855.52002
388;JAM;Jamaica;1910;51.296616;602.90698
388;JAM;Jamaica;1920;64.261276;709.91998
388;JAM;Jamaica;2010;62.101143;8218.0869
400;JOR;Jordan;1880;63.389385;783.58142
400;JOR;Jordan;1980;66.43499;4480
400;JOR;Jordan;1940;45.524578;1483.8108
400;JOR;Jordan;1890;62.530052;849.16278
400;JOR;Jordan;1960;60.584812;2330
400;JOR;Jordan;1930;47.466618;1304.6216
400;JOR;Jordan;1990;68.565567;6661.4453
400;JOR;Jordan;1910;59.729488;980.32556
400;JOR;Jordan;2000;70.805168;7742.4902
400;JOR;Jordan;1970;61.17915;2395
400;JOR;Jordan;1950;46.734097;1663
400;JOR;Jordan;1920;59.776245;1125.4324
400;JOR;Jordan;1900;60.958813;914.7442
400;JOR;Jordan;2010;73.416588;10441.127
392;JPN;Japan;1930;78.442566;1850
392;JPN;Japan;1880;74.150124;863
392;JPN;Japan;2000;88.742493;33871.844
392;JPN;Japan;2010;89.416603;35749.77
392;JPN;Japan;1980;89.554482;13428
392;JPN;Japan;1900;72.757439;1180
392;JPN;Japan;1940;81.765846;2874
392;JPN;Japan;1970;87.0299;9714
392;JPN;Japan;1950;74.8433;1921
392;JPN;Japan;1990;90.549065;30447.258
392;JPN;Japan;1910;72.508224;1304
392;JPN;Japan;1920;77.401802;1696
392;JPN;Japan;1960;85.390717;3986
392;JPN;Japan;1890;73.919548;1012
398;KAZ;Kazakhstan;1920;65.403687;1432.9333
398;KAZ;Kazakhstan;1990;78.612732;13050.486
398;KAZ;Kazakhstan;1880;71.794357;1041
398;KAZ;Kazakhstan;2010;82.860207;20096.918
398;KAZ;Kazakhstan;1960;70.921112;3945
398;KAZ;Kazakhstan;1900;67.54187;1237
398;KAZ;Kazakhstan;2000;77.422447;9951.5635
398;KAZ;Kazakhstan;1930;64.62011;1448
398;KAZ;Kazakhstan;1890;69.567787;1139
398;KAZ;Kazakhstan;1980;77.071678;7556.2354
398;KAZ;Kazakhstan;1970;73.278625;5575
398;KAZ;Kazakhstan;1950;66.666718;2841
398;KAZ;Kazakhstan;1940;64.245094;2144
398;KAZ;Kazakhstan;1910;64.237663;1430.0769
404;KEN;Kenya;1900;54.52721;601
404;KEN;Kenya;1970;37.97963;915
404;KEN;Kenya;2010;27.877026;2538.5764
404;KEN;Kenya;1930;51.529934;747.81482
404;KEN;Kenya;2000;28.615171;2158.4851
404;KEN;Kenya;1950;38.699512;651
404;KEN;Kenya;1990;47.735081;2375.9709
404;KEN;Kenya;1980;30.026346;1051
404;KEN;Kenya;1940;53.506969;813
404;KEN;Kenya;1920;52.895061;682.62964
404;KEN;Kenya;1880;34.465416;533.66669
404;KEN;Kenya;1890;46.741409;567.33331
404;KEN;Kenya;1910;45.147606;628.69232
404;KEN;Kenya;1960;29.16741;726
417;KGZ;Kyrgyzstan;2000;44.21014;2074.5054
417;KGZ;Kyrgyzstan;1910;68.97377;1430.0769
417;KGZ;Kyrgyzstan;1880;70.797394;1041
417;KGZ;Kyrgyzstan;1930;65.164543;1448
417;KGZ;Kyrgyzstan;1890;71.491905;1139
417;KGZ;Kyrgyzstan;1970;73.179985;5575
417;KGZ;Kyrgyzstan;2010;42.923637;2790.1707
417;KGZ;Kyrgyzstan;1980;70.459251;3675.5293
417;KGZ;Kyrgyzstan;1900;68.698143;1237
417;KGZ;Kyrgyzstan;1950;68.54705;2841
417;KGZ;Kyrgyzstan;1990;67.86908;3474.668
417;KGZ;Kyrgyzstan;1960;74.601845;3945
417;KGZ;Kyrgyzstan;1920;67.158241;1432.9333
417;KGZ;Kyrgyzstan;1940;64.900391;2144
116;KHM;Cambodia;2010;23.123371;2513.2932
116;KHM;Cambodia;1950;45.784534;482
116;KHM;Cambodia;1920;57.342243;700.91895
116;KHM;Cambodia;1930;45.156769;627.94592
116;KHM;Cambodia;1970;38.661583;647
116;KHM;Cambodia;1910;56.709484;736.86047
116;KHM;Cambodia;1900;58.657242;686.39532
116;KHM;Cambodia;1890;60.750587;635.93024
116;KHM;Cambodia;2000;22.14768;1370.8307
116;KHM;Cambodia;1990;24.331602;881
116;KHM;Cambodia;1940;44.293648;554.97296
116;KHM;Cambodia;1960;51.002106;671
116;KHM;Cambodia;1980;38.654476;828
116;KHM;Cambodia;1880;58.744461;585.46509
410;KOR;South Korea;1980;75.343002;4114
410;KOR;South Korea;1920;61.197586;1092
410;KOR;South Korea;1930;59.221313;1049
410;KOR;South Korea;1990;81.768784;12086.763
410;KOR;South Korea;1950;59.028255;854
410;KOR;South Korea;1890;60.981689;706.92682
410;KOR;South Korea;2010;89.76059;30440.404
410;KOR;South Korea;1970;71.271965;2167
410;KOR;South Korea;1940;64.183022;1600
410;KOR;South Korea;2000;87.744766;20756.775
410;KOR;South Korea;1880;59.885777;655.46344
410;KOR;South Korea;1960;62.361668;1226
410;KOR;South Korea;1910;59.01786;809.85364
410;KOR;South Korea;1900;60.123947;758.39026
414;KWT;Kuwait;1880;63.986546;811.76746
414;KWT;Kuwait;1910;60.23605;1021.0698
414;KWT;Kuwait;2010;70.248283;73695.133
414;KWT;Kuwait;1940;65.010139;21354.756
414;KWT;Kuwait;1890;63.140198;881.53491
414;KWT;Kuwait;1960;79.448685;28813
414;KWT;Kuwait;1950;66.509514;28878
414;KWT;Kuwait;1930;66.54258;13831.514
414;KWT;Kuwait;1920;79.007294;6308.2705
414;KWT;Kuwait;1900;61.534664;951.30231
414;KWT;Kuwait;1980;63.4631;13271
414;KWT;Kuwait;1990;66.201614;6121
414;KWT;Kuwait;1970;69.035759;30695
414;KWT;Kuwait;2000;70.523888;74314.797
418;LAO;Lao;2000;20.388075;2340.4744
418;LAO;Lao;1980;18.818363;876
418;LAO;Lao;1940;27.341557;650.56757
418;LAO;Lao;1910;39.416599;736.86047
418;LAO;Lao;1950;27.67952;613
418;LAO;Lao;1990;30.745367;1616.8148
418;LAO;Lao;1880;41.930027;585.46509
418;LAO;Lao;1920;38.877628;725.7027
418;LAO;Lao;1960;28.847044;679
418;LAO;Lao;1930;26.874613;688.13513
418;LAO;Lao;1970;17.585402;748
418;LAO;Lao;2010;12.002253;3974.4224
418;LAO;Lao;1900;41.072998;686.39532
418;LAO;Lao;1890;43.144188;635.93024
430;LBR;Liberia;1940;26.46986;813
430;LBR;Liberia;1930;28.064388;747.81482
430;LBR;Liberia;1920;37.75098;682.62964
430;LBR;Liberia;2000;4.0882277;836.53955
430;LBR;Liberia;1900;35.842098;601
430;LBR;Liberia;1980;29.643316;1162
430;LBR;Liberia;1950;29.933554;1055
430;LBR;Liberia;1990;4.938458;872.84021
430;LBR;Liberia;1960;29.427355;1230
430;LBR;Liberia;1890;28.877777;567.33331
430;LBR;Liberia;1910;25.924965;628.69232
430;LBR;Liberia;1970;29.458847;1492
430;LBR;Liberia;2010;15.658074;697.90991
430;LBR;Liberia;1880;15.43682;533.66669
434;LBY;Libya;1950;30.286108;857
434;LBY;Libya;1900;41.782303;849.12415
434;LBY;Libya;1970;45.999619;9115
434;LBY;Libya;2010;68.144432;29173.607
434;LBY;Libya;1920;29.40703;852.27448
434;LBY;Libya;1930;29.267548;853.84967
434;LBY;Libya;1980;54.728085;7272
434;LBY;Libya;1990;48.884209;3087
434;LBY;Libya;1910;31.442085;850.69934
434;LBY;Libya;1940;29.149357;855.4248
434;LBY;Libya;1960;31.177015;1830
434;LBY;Libya;2000;65.725922;21997.482
434;LBY;Libya;1890;44.44677;847.54901
434;LBY;Libya;1880;46.357334;845.97382
144;LKA;Sri Lanka;1910;62.722607;1208
144;LKA;Sri Lanka;1890;65.140366;1045
144;LKA;Sri Lanka;1970;70.80056;1499
144;LKA;Sri Lanka;1940;61.32378;1251
144;LKA;Sri Lanka;2000;73.995384;5579.6191
144;LKA;Sri Lanka;1880;61.776817;831
144;LKA;Sri Lanka;1930;62.33873;1265
144;LKA;Sri Lanka;1920;61.482246;1092
144;LKA;Sri Lanka;1900;68.460442;1290
144;LKA;Sri Lanka;1980;69.516617;1830
144;LKA;Sri Lanka;1960;63.510372;1295
144;LKA;Sri Lanka;2010;66.254997;8563.2129
144;LKA;Sri Lanka;1950;60.948261;1253
144;LKA;Sri Lanka;1990;69.919861;3665.5803
426;LSO;Lesotho;1990;23.964197;1365.1836
426;LSO;Lesotho;1920;53.708263;682.62964
426;LSO;Lesotho;1960;30.879837;458
426;LSO;Lesotho;1940;53.29213;813
426;LSO;Lesotho;1950;29.294296;355
426;LSO;Lesotho;1970;31.261213;604
426;LSO;Lesotho;1880;35.128857;533.66669
426;LSO;Lesotho;2010;24.644567;2405.3123
426;LSO;Lesotho;1930;55.520641;747.81482
426;LSO;Lesotho;2000;24.084356;1780.4967
426;LSO;Lesotho;1900;54.620346;601
426;LSO;Lesotho;1890;46.384056;567.33331
426;LSO;Lesotho;1910;44.539188;628.69232
426;LSO;Lesotho;1980;32.63002;1005
440;LTU;Lithuania;1920;76.046738;1432.9333
440;LTU;Lithuania;1940;75.652771;2144
440;LTU;Lithuania;1890;79.116043;1139
440;LTU;Lithuania;1980;79.889511;8033.5884
440;LTU;Lithuania;2010;83.806778;21061.986
440;LTU;Lithuania;1960;77.034325;3945
440;LTU;Lithuania;1880;78.281006;1041
440;LTU;Lithuania;1970;77.943741;5575
440;LTU;Lithuania;2000;79.273827;12184.959
440;LTU;Lithuania;1930;75.370178;1448
440;LTU;Lithuania;1910;74.579956;1430.0769
440;LTU;Lithuania;1990;75.507393;8663
440;LTU;Lithuania;1950;79.755989;2841
440;LTU;Lithuania;1900;78.58567;1237
442;LUX;Luxembourg;1960;84.939491;4988
442;LUX;Luxembourg;1950;84.835541;3846
442;LUX;Luxembourg;2000;92.010735;78687.578
442;LUX;Luxembourg;2010;91.404564;89727.039
442;LUX;Luxembourg;1880;85.801399;1815
442;LUX;Luxembourg;1930;84.335304;3291
442;LUX;Luxembourg;1920;83.268372;2536
442;LUX;Luxembourg;1940;86.070808;3824
442;LUX;Luxembourg;1990;92.251328;54263.676
442;LUX;Luxembourg;1980;86.221436;10436
442;LUX;Luxembourg;1910;83.704552;2721.7693
442;LUX;Luxembourg;1970;84.859268;7399
442;LUX;Luxembourg;1890;85.089821;2028
442;LUX;Luxembourg;1900;84.608635;2361
428;LVA;Latvia;1910;77.567406;1430.0769
428;LVA;Latvia;1970;76.58284;5575
428;LVA;Latvia;1980;78.647781;8698.3525
428;LVA;Latvia;1880;77.588547;1041
428;LVA;Latvia;1950;79.304138;2841
428;LVA;Latvia;2000;76.176186;11158.106
428;LVA;Latvia;1890;79.025841;1139
428;LVA;Latvia;1960;73.693092;3945
428;LVA;Latvia;2010;83.01342;18251.008
428;LVA;Latvia;1900;77.583427;1237
428;LVA;Latvia;1920;72.049347;1432.9333
428;LVA;Latvia;1930;74.41597;1448
428;LVA;Latvia;1940;74.857185;2144
428;LVA;Latvia;1990;73.511864;9916
446;MAC;Macao;1960;61.845402;1632
446;MAC;Macao;2000;70.789772;37281.211
446;MAC;Macao;1890;57.839043;635.93024
446;MAC;Macao;1970;63.141708;2082
446;MAC;Macao;1950;59.662361;1385
446;MAC;Macao;1920;57.404205;871.75677
446;MAC;Macao;1910;55.883751;736.86047
446;MAC;Macao;1940;59.175114;1213.9189
446;MAC;Macao;1930;56.756821;1042.8379
446;MAC;Macao;2010;75.859711;98614.688
446;MAC;Macao;1880;57.307457;585.46509
446;MAC;Macao;1990;81.320267;34392.27
446;MAC;Macao;1980;63.699654;2522
446;MAC;Macao;1900;57.524883;686.39532
504;MAR;Morocco;1940;32.10508;1253.6487
504;MAR;Morocco;1950;31.398455;1455
504;MAR;Morocco;1910;27.853506;699.7442
504;MAR;Morocco;1920;28.467686;850.94592
504;MAR;Morocco;1880;42.397625;597.18604
504;MAR;Morocco;2010;25.457148;6496.6069
504;MAR;Morocco;1960;29.472855;1329
504;MAR;Morocco;1980;30.894665;2272
504;MAR;Morocco;1890;42.597816;631.37207
504;MAR;Morocco;1970;29.556179;1616
504;MAR;Morocco;1990;31.556787;3901.0374
504;MAR;Morocco;1900;38.543686;665.55817
504;MAR;Morocco;2000;35.175404;4469.6426
504;MAR;Morocco;1930;29.839254;1052.2972
498;MDA;Moldova;1980;75.480705;5696.4707
498;MDA;Moldova;1880;71.066948;1041
498;MDA;Moldova;1930;67.773552;1448
498;MDA;Moldova;1940;68.08139;2144
498;MDA;Moldova;2000;46.03653;2321.0278
498;MDA;Moldova;1990;73.321159;6170
498;MDA;Moldova;2010;46.91198;3910.8606
498;MDA;Moldova;1960;72.914101;3945
498;MDA;Moldova;1970;75.363998;5575
498;MDA;Moldova;1910;69.857613;1430.0769
498;MDA;Moldova;1920;65.951393;1432.9333
498;MDA;Moldova;1900;69.722794;1237
498;MDA;Moldova;1950;70.269547;2841
498;MDA;Moldova;1890;72.140068;1139
450;MDG;Madagascar;1990;20.469095;1660.7263
450;MDG;Madagascar;1960;41.47332;1125
450;MDG;Madagascar;2010;4.6135592;1390.4252
450;MDG;Madagascar;1910;39.425404;628.69232
450;MDG;Madagascar;1950;43.187759;951
450;MDG;Madagascar;1890;42.326797;567.33331
450;MDG;Madagascar;1930;38.623524;747.81482
450;MDG;Madagascar;2000;5.8275695;1446.0468
450;MDG;Madagascar;1880;31.680576;533.66669
450;MDG;Madagascar;1970;31.990545;1226
450;MDG;Madagascar;1920;37.719307;682.62964
450;MDG;Madagascar;1900;51.0779;601
450;MDG;Madagascar;1980;27.243162;1054
450;MDG;Madagascar;1940;39.243233;813
462;MDV;Maldives;1920;57.562954;871.75677
462;MDV;Maldives;1910;56.155651;736.86047
462;MDV;Maldives;1930;56.756824;1042.8379
462;MDV;Maldives;1960;61.86095;1632
462;MDV;Maldives;1880;57.188412;585.46509
462;MDV;Maldives;1940;58.610374;1213.9189
462;MDV;Maldives;2010;52.376785;10514.397
462;MDV;Maldives;1980;63.156853;2522
462;MDV;Maldives;1950;58.397877;1385
462;MDV;Maldives;1890;57.422237;635.93024
462;MDV;Maldives;2000;31.34409;3050
462;MDV;Maldives;1970;62.485764;2082
462;MDV;Maldives;1990;43.830925;2543
462;MDV;Maldives;1900;57.662125;686.39532
484;MEX;Mexico;1970;65.942719;4320
484;MEX;Mexico;2000;77.220291;14856.116
484;MEX;Mexico;2010;76.681602;15364.872
484;MEX;Mexico;1920;71.374695;1823
484;MEX;Mexico;1890;66.305962;1011
484;MEX;Mexico;1910;71.210342;1694
484;MEX;Mexico;1960;64.825409;3155
484;MEX;Mexico;1940;64.341286;1852
484;MEX;Mexico;1990;74.848511;12547.493
484;MEX;Mexico;1930;67.819267;1618
484;MEX;Mexico;1950;67.521446;2365
484;MEX;Mexico;1900;70.637276;1366
484;MEX;Mexico;1980;70.326302;6320
484;MEX;Mexico;1880;66.418236;842.5
466;MLI;Mali;1910;16.552782;628.69232
466;MLI;Mali;2000;3.050725;1452.4268
466;MLI;Mali;1940;26.717068;813
466;MLI;Mali;2010;3.3658812;1860.6051
466;MLI;Mali;1990;2.5673597;1269.2621
466;MLI;Mali;1930;25.332058;747.81482
466;MLI;Mali;1920;24.854473;682.62964
466;MLI;Mali;1960;1.5669448;534
466;MLI;Mali;1880;13.960822;533.66669
466;MLI;Mali;1980;2.7929437;733
466;MLI;Mali;1950;13.290527;457
466;MLI;Mali;1970;.94433385;586
466;MLI;Mali;1900;24.181992;601
466;MLI;Mali;1890;25.663816;567.33331
470;MLT;Malta;1940;78.125313;3824
470;MLT;Malta;1930;78.286858;3291
470;MLT;Malta;1920;77.805939;2536
470;MLT;Malta;1900;80.305618;2361
470;MLT;Malta;1960;74.110504;4988
470;MLT;Malta;1990;82.133095;16179.616
470;MLT;Malta;1950;77.345375;3846
470;MLT;Malta;2000;83.030815;24628.711
470;MLT;Malta;1970;78.814888;7399
470;MLT;Malta;2010;84.051285;28370.279
470;MLT;Malta;1890;81.01812;2028
470;MLT;Malta;1910;79.427765;2721.7693
470;MLT;Malta;1980;80.763268;10436
470;MLT;Malta;1880;80.709221;1815
104;MMR;Myanmar;2010;11.08836;3607.7678
104;MMR;Myanmar;1880;38.322266;566.9032
104;MMR;Myanmar;1910;26.641962;598.79999
104;MMR;Myanmar;2000;5.1517019;1263.297
104;MMR;Myanmar;1900;41.588833;692.70966
104;MMR;Myanmar;1980;7.8865757;828
104;MMR;Myanmar;1990;3.9816098;718.54449
104;MMR;Myanmar;1960;7.1046076;564
104;MMR;Myanmar;1930;42.252831;884.40002
104;MMR;Myanmar;1970;6.7068658;642
104;MMR;Myanmar;1940;30.909657;682.66669
104;MMR;Myanmar;1890;42.162369;629.80646
104;MMR;Myanmar;1950;14.790398;396
104;MMR;Myanmar;1920;40.817253;733.40002
496;MNG;Mongolia;1890;56.719452;635.93024
496;MNG;Mongolia;2000;67.030083;4655.0186
496;MNG;Mongolia;1910;53.504158;736.86047
496;MNG;Mongolia;1900;54.718925;686.39532
496;MNG;Mongolia;1980;50.350071;1058
496;MNG;Mongolia;1880;56.672066;585.46509
496;MNG;Mongolia;1940;29.390989;520.67566
496;MNG;Mongolia;1930;40.511738;606.35138
496;MNG;Mongolia;1960;32.316357;586
496;MNG;Mongolia;1920;54.410995;692.02704
496;MNG;Mongolia;2010;56.645378;7708.5801
496;MNG;Mongolia;1990;69.347313;5122.5317
496;MNG;Mongolia;1950;29.638065;435
496;MNG;Mongolia;1970;46.802261;787
508;MOZ;Mozambique;2000;.65431964;555.55988
508;MOZ;Mozambique;1970;30.440777;1743
508;MOZ;Mozambique;1910;15.062651;628.69232
508;MOZ;Mozambique;1950;29.629202;1133
508;MOZ;Mozambique;1890;25.470831;567.33331
508;MOZ;Mozambique;1880;12.27784;533.66669
508;MOZ;Mozambique;1990;.29816818;375.01495
508;MOZ;Mozambique;1930;25.03471;747.81482
508;MOZ;Mozambique;2010;1.0391634;913.9884
508;MOZ;Mozambique;1920;26.362593;682.62964
508;MOZ;Mozambique;1900;23.653973;601
508;MOZ;Mozambique;1980;26.781342;1220
508;MOZ;Mozambique;1960;30.806622;1327
508;MOZ;Mozambique;1940;26.13727;813
478;MRT;Mauritania;1900;51.512806;601
478;MRT;Mauritania;1910;41.849907;628.69232
478;MRT;Mauritania;1950;28.207268;464
478;MRT;Mauritania;2010;10.677853;3333.7314
478;MRT;Mauritania;1890;43.340424;567.33331
478;MRT;Mauritania;1930;40.993774;747.81482
478;MRT;Mauritania;1980;17.501354;1009
478;MRT;Mauritania;2000;17.988264;2749.0632
478;MRT;Mauritania;1960;16.808649;625
478;MRT;Mauritania;1990;28.47188;2815.7144
478;MRT;Mauritania;1940;41.577305;813
478;MRT;Mauritania;1880;30.785049;533.66669
478;MRT;Mauritania;1920;53.958168;682.62964
478;MRT;Mauritania;1970;38.276836;1059
480;MUS;Mauritius;1990;68.611855;7386.8242
480;MUS;Mauritius;1880;39.511532;533.66669
480;MUS;Mauritius;2000;59.405224;11077.147
480;MUS;Mauritius;1910;48.03886;628.69232
480;MUS;Mauritius;1970;66.597855;2945
480;MUS;Mauritius;2010;64.014664;15938.419
480;MUS;Mauritius;1890;47.982773;567.33331
480;MUS;Mauritius;1960;65.346497;2777
480;MUS;Mauritius;1940;54.968075;813
480;MUS;Mauritius;1930;55.400249;747.81482
480;MUS;Mauritius;1920;58.035686;682.62964
480;MUS;Mauritius;1900;56.914345;601
480;MUS;Mauritius;1950;67.958206;2490
480;MUS;Mauritius;1980;69.05883;4367
454;MWI;Malawi;1900;50.665016;601
454;MWI;Malawi;1980;7.0620642;630
454;MWI;Malawi;1990;4.5012269;746.45563
454;MWI;Malawi;2010;5.9646006;1060.7469
454;MWI;Malawi;1910;44.452332;628.69232
454;MWI;Malawi;1970;5.5256557;447
454;MWI;Malawi;1880;29.430761;533.66669
454;MWI;Malawi;2000;4.2516313;880.11072
454;MWI;Malawi;1890;42.972599;567.33331
454;MWI;Malawi;1950;28.340715;324
454;MWI;Malawi;1960;5.6771145;394
454;MWI;Malawi;1920;53.666866;682.62964
454;MWI;Malawi;1930;52.786339;747.81482
454;MWI;Malawi;1940;53.44162;813
458;MYS;Malaysia;1920;59.891216;1110
458;MYS;Malaysia;1900;59.962711;763.97559
458;MYS;Malaysia;1890;61.373051;730.31708
458;MYS;Malaysia;2000;82.150459;16146.235
458;MYS;Malaysia;1990;73.549644;10451.483
458;MYS;Malaysia;1930;64.708115;1636
458;MYS;Malaysia;1880;62.93391;696.65851
458;MYS;Malaysia;1960;59.483677;1530
458;MYS;Malaysia;1950;57.93792;1559
458;MYS;Malaysia;1940;59.086258;1278
458;MYS;Malaysia;2010;82.217072;21101.879
458;MYS;Malaysia;1970;63.142258;2079
458;MYS;Malaysia;1910;56.741287;797.63416
458;MYS;Malaysia;1980;66.044327;3657
516;NAM;Namibia;1970;65.83503;3321
516;NAM;Namibia;1960;63.727451;2616
516;NAM;Namibia;1980;65.002754;3767
516;NAM;Namibia;1940;55.631557;813
516;NAM;Namibia;1920;55.758751;682.62964
516;NAM;Namibia;1880;36.268269;533.66669
516;NAM;Namibia;1930;55.616512;747.81482
516;NAM;Namibia;1900;55.168682;601
516;NAM;Namibia;1890;47.946552;567.33331
516;NAM;Namibia;1950;63.840969;2160
516;NAM;Namibia;2000;51.740856;6110.3032
516;NAM;Namibia;2010;39.113663;8381.8838
516;NAM;Namibia;1990;66.368187;5716.2314
516;NAM;Namibia;1910;46.457916;628.69232
562;NER;Niger;1930;25.140738;747.81482
562;NER;Niger;1950;14.209821;617
562;NER;Niger;2000;1.7749145;761.80487
562;NER;Niger;1920;22.782206;682.62964
562;NER;Niger;1940;23.142803;813
562;NER;Niger;1880;12.121067;533.66669
562;NER;Niger;1900;24.029507;601
562;NER;Niger;2010;1.0061815;820.65167
562;NER;Niger;1960;23.827171;761
562;NER;Niger;1970;15.756369;839
562;NER;Niger;1890;23.640368;567.33331
562;NER;Niger;1910;13.02265;628.69232
562;NER;Niger;1980;3.9993901;810
562;NER;Niger;1990;2.023015;905.66425
566;NGA;Nigeria;1920;38.267231;682.62964
566;NGA;Nigeria;1910;40.284172;628.69232
566;NGA;Nigeria;1970;27.381153;1094
566;NGA;Nigeria;1950;36.24139;753
566;NGA;Nigeria;1880;30.540241;533.66669
566;NGA;Nigeria;2010;22.300016;5122.8135
566;NGA;Nigeria;1890;42.370258;567.33331
566;NGA;Nigeria;1940;39.048943;813
566;NGA;Nigeria;1990;27.963875;3030.4602
566;NGA;Nigeria;1930;39.03904;747.81482
566;NGA;Nigeria;2000;19.575359;2835.9883
566;NGA;Nigeria;1900;50.042942;601
566;NGA;Nigeria;1960;28.421152;820
566;NGA;Nigeria;1980;28.38829;1305
558;NIC;Nicaragua;1980;49.024178;2154
558;NIC;Nicaragua;1950;57.784904;1616
558;NIC;Nicaragua;1890;61.27182;680.66669
558;NIC;Nicaragua;1930;61.390194;1415
558;NIC;Nicaragua;1880;59.996109;583.33331
558;NIC;Nicaragua;1920;62.036995;1264
558;NIC;Nicaragua;1900;60.945793;778
558;NIC;Nicaragua;1910;60.138298;978
558;NIC;Nicaragua;1960;47.899395;1983
558;NIC;Nicaragua;1970;49.616165;2812
558;NIC;Nicaragua;2010;27.610533;4024.2273
558;NIC;Nicaragua;1990;43.177357;3019.9026
558;NIC;Nicaragua;1940;59.516857;1372
558;NIC;Nicaragua;2000;35.897133;3474.9358
528;NLD;Netherlands;1910;87.601357;3789
528;NLD;Netherlands;1900;89.931541;3424
528;NLD;Netherlands;1970;90.860733;11967
528;NLD;Netherlands;1940;86.543106;4831
528;NLD;Netherlands;2010;90.62513;45524.664
528;NLD;Netherlands;1880;94.370811;3046
528;NLD;Netherlands;1980;92.537994;14705
528;NLD;Netherlands;1890;92.185913;3323
528;NLD;Netherlands;2000;91.306999;41721.695
528;NLD;Netherlands;1990;93.744499;32090.211
528;NLD;Netherlands;1950;85.822968;5996
528;NLD;Netherlands;1960;87.544189;8287
528;NLD;Netherlands;1930;89.393188;5603
528;NLD;Netherlands;1920;88.090202;4220
578;NOR;Norway;1890;87.935425;1709
578;NOR;Norway;1950;85.647957;5430
578;NOR;Norway;2010;97.551964;62268.012
578;NOR;Norway;1990;97.044762;42829.637
578;NOR;Norway;2000;97.231903;58066.586
578;NOR;Norway;1940;85.177246;4038
578;NOR;Norway;1910;82.415939;2186
578;NOR;Norway;1960;87.312691;7204
578;NOR;Norway;1930;84.31942;3627
578;NOR;Norway;1980;91.731972;15076
578;NOR;Norway;1920;84.149849;2739
578;NOR;Norway;1880;88.401871;1517
578;NOR;Norway;1900;85.487564;1877
578;NOR;Norway;1970;89.470291;10027
524;NPL;Nepal;1990;3.6589625;1198.4412
524;NPL;Nepal;1980;3.0378828;652
524;NPL;Nepal;1900;.33600873;496.06976
524;NPL;Nepal;1950;12.893429;496
524;NPL;Nepal;1940;.44977546;507.62161
524;NPL;Nepal;1890;.27282223;463.04651
524;NPL;Nepal;1920;.4200879;530.86487
524;NPL;Nepal;1910;.39665052;529.09302
524;NPL;Nepal;1930;.43996316;519.24323
524;NPL;Nepal;1880;.28286341;430.02325
524;NPL;Nepal;1960;2.760468;607
524;NPL;Nepal;2000;5.0247245;1539.7683
524;NPL;Nepal;2010;5.8086958;1996.8596
524;NPL;Nepal;1970;3.1461825;653
554;NZL;New Zealand;1950;90.899353;8456
554;NZL;New Zealand;2000;90.309837;28281.965
554;NZL;New Zealand;1980;91.824341;12347
554;NZL;New Zealand;1930;92.012886;4960
554;NZL;New Zealand;1910;97.040291;5316
554;NZL;New Zealand;1990;90.142487;24288.688
554;NZL;New Zealand;1960;96.672997;9465
554;NZL;New Zealand;1940;92.628433;6300
554;NZL;New Zealand;1920;99.733688;5641
554;NZL;New Zealand;2010;90.69915;32188.207
554;NZL;New Zealand;1880;92.951599;3747
554;NZL;New Zealand;1900;94.837051;4298
554;NZL;New Zealand;1970;95.446022;11189
554;NZL;New Zealand;1890;92.821831;3755
586;PAK;Pakistan;1920;34.079308;671.37836
586;PAK;Pakistan;1910;29.390772;661.84613
586;PAK;Pakistan;1970;29.602867;952
586;PAK;Pakistan;2000;22.168375;3501.8079
586;PAK;Pakistan;2010;23.425098;4296.6128
586;PAK;Pakistan;1930;17.21627;661.91895
586;PAK;Pakistan;1950;25.780741;643
586;PAK;Pakistan;1940;16.485617;652.45947
586;PAK;Pakistan;1890;38.831173;587.33331
586;PAK;Pakistan;1960;16.257427;647
586;PAK;Pakistan;1990;30.869429;3056.9683
586;PAK;Pakistan;1880;40.087769;566.66669
586;PAK;Pakistan;1980;30.556503;1161
586;PAK;Pakistan;1900;38.052326;608
591;PAN;Panama;1900;63.449326;778
591;PAN;Panama;1920;65.468948;1273.1563
591;PAN;Panama;1910;63.374043;978
591;PAN;Panama;1930;68.80426;1609.0938
591;PAN;Panama;2010;78.675011;15516.087
591;PAN;Panama;1890;63.468357;680.66669
591;PAN;Panama;2000;74.420036;10577.141
591;PAN;Panama;1950;65.349823;1916
591;PAN;Panama;1940;66.725136;1945.0313
591;PAN;Panama;1980;71.970253;5082
591;PAN;Panama;1880;65.460068;583.33331
591;PAN;Panama;1990;71.900932;7815.6792
591;PAN;Panama;1970;70.240402;3814
591;PAN;Panama;1960;67.87394;2391
604;PER;Peru;1950;66.453972;2308
604;PER;Peru;1920;62.684971;1226
604;PER;Peru;1930;67.426491;1663
604;PER;Peru;1910;61.560486;981
604;PER;Peru;1880;63.505951;670.84613
604;PER;Peru;1970;67.331062;3854
604;PER;Peru;1940;64.482895;1911
604;PER;Peru;1890;58.800797;599.69232
604;PER;Peru;2000;70.804848;6563.269
604;PER;Peru;1980;70.527946;4263
604;PER;Peru;1990;68.206429;5312.6846
604;PER;Peru;2010;71.429535;9956.5576
604;PER;Peru;1960;65.628914;2969
604;PER;Peru;1900;58.67783;686
608;PHL;Philippines;1940;60.861221;1507
608;PHL;Philippines;1980;67.865219;2376
608;PHL;Philippines;1950;58.593208;1070
608;PHL;Philippines;1990;66.068863;4010.2034
608;PHL;Philippines;1900;37.632751;669.9375
608;PHL;Philippines;1970;65.986443;1764
608;PHL;Philippines;2000;66.870972;4227.3286
608;PHL;Philippines;1910;40.468163;874
608;PHL;Philippines;2010;57.296577;5638.2075
608;PHL;Philippines;1930;61.00272;1382
608;PHL;Philippines;1880;43.423317;639.3125
608;PHL;Philippines;1920;61.131523;1289
608;PHL;Philippines;1890;42.595551;654.625
608;PHL;Philippines;1960;63.358635;1476
598;PNG;Papua New Guinea;1990;20.767748;1606.7197
598;PNG;Papua New Guinea;1960;31.190346;1632
598;PNG;Papua New Guinea;1910;28.014009;736.86047
598;PNG;Papua New Guinea;1920;28.885424;871.75677
598;PNG;Papua New Guinea;2010;6.4538951;2166.5334
598;PNG;Papua New Guinea;1970;33.48196;2082
598;PNG;Papua New Guinea;1980;35.242714;2522
598;PNG;Papua New Guinea;1930;29.05209;1042.8379
598;PNG;Papua New Guinea;1880;39.424263;585.46509
598;PNG;Papua New Guinea;1950;31.606888;1385
598;PNG;Papua New Guinea;1890;39.670101;635.93024
598;PNG;Papua New Guinea;1940;31.112858;1213.9189
598;PNG;Papua New Guinea;1900;29.290113;686.39532
598;PNG;Papua New Guinea;2000;7.1465058;1857.3308
616;POL;Poland;1930;75.58905;1994
616;POL;Poland;1920;77.8638;1904.375
616;POL;Poland;1950;74.451263;2447
616;POL;Poland;1960;77.683823;3215
616;POL;Poland;1970;78.423653;4428
616;POL;Poland;1940;76.433067;2226.1667
616;POL;Poland;1900;77.850357;1536
616;POL;Poland;1980;79.859619;5740
616;POL;Poland;1910;76.67305;1690
616;POL;Poland;1990;78.082787;10276.569
616;POL;Poland;2000;81.271584;14732.476
616;POL;Poland;1890;78.526596;1284
616;POL;Poland;1880;79.048515;1115
616;POL;Poland;2010;81.966171;21770.619
620;PRT;Portugal;1930;68.127808;1571
620;PRT;Portugal;1980;74.710739;8044
620;PRT;Portugal;1950;64.468925;2086
620;PRT;Portugal;1890;67.206047;1128
620;PRT;Portugal;2000;78.692711;25999.49
620;PRT;Portugal;1910;64.613922;1228
620;PRT;Portugal;1940;63.918301;1615
620;PRT;Portugal;1920;64.720306;1229
620;PRT;Portugal;1990;76.849144;20166.928
620;PRT;Portugal;1960;64.685776;2956
620;PRT;Portugal;2010;68.019989;27238.461
620;PRT;Portugal;1900;70.484512;1302
620;PRT;Portugal;1880;67.354889;947
620;PRT;Portugal;1970;68.372307;5473
600;PRY;Paraguay;1940;65.519325;1752
600;PRY;Paraguay;1950;62.599354;1584
600;PRY;Paraguay;2010;56.796692;7289.5137
600;PRY;Paraguay;1930;68.49028;1597.6923
600;PRY;Paraguay;1970;62.79858;1872
600;PRY;Paraguay;2000;53.944008;6084.7876
600;PRY;Paraguay;1910;60.847668;978
600;PRY;Paraguay;1890;61.090637;680.66669
600;PRY;Paraguay;1990;66.923637;6036.4756
600;PRY;Paraguay;1900;61.193451;778
600;PRY;Paraguay;1920;64.494408;1268.4615
600;PRY;Paraguay;1960;61.569931;1555
600;PRY;Paraguay;1880;60.024319;583.33331
600;PRY;Paraguay;1980;65.511581;3301
634;QAT;Qatar;1980;83.057472;28771
634;QAT;Qatar;1950;67.058029;30387
634;QAT;Qatar;2010;73.092361;126144.72
634;QAT;Qatar;1910;60.57233;1021.0698
634;QAT;Qatar;1890;63.451778;881.53491
634;QAT;Qatar;1900;61.74218;951.30231
634;QAT;Qatar;1920;79.386879;6593.7568
634;QAT;Qatar;1940;67.085342;22455.918
634;QAT;Qatar;2000;73.548271;108107.42
634;QAT;Qatar;1960;79.517311;32810
634;QAT;Qatar;1970;81.977577;32573
634;QAT;Qatar;1990;55.769592;7343
634;QAT;Qatar;1880;64.377052;811.76746
634;QAT;Qatar;1930;78.252357;14524.838
642;ROU;Romania;1930;65.569008;1219
642;ROU;Romania;1950;64.181549;1182
642;ROU;Romania;1910;73.517532;1660
642;ROU;Romania;1960;70.153137;1844
642;ROU;Romania;1940;62.887482;1156.8
642;ROU;Romania;1880;76.763245;1088.5
642;ROU;Romania;2000;77.672943;10523.418
642;ROU;Romania;1990;80.802002;11479.688
642;ROU;Romania;1920;72.318977;1480.9231
642;ROU;Romania;1970;73.292427;2853
642;ROU;Romania;2010;81.71167;17818.018
642;ROU;Romania;1890;76.213371;1246
642;ROU;Romania;1900;74.426277;1415
642;ROU;Romania;1980;77.416664;4135
643;RUS;Russia;1960;74.961693;3945
643;RUS;Russia;1880;73.188614;1041
643;RUS;Russia;1920;68.321388;1432.9333
643;RUS;Russia;1990;85.957115;20639
643;RUS;Russia;1950;73.013039;2841
643;RUS;Russia;2010;86.174202;23107.785
643;RUS;Russia;2000;85.590744;14050.852
643;RUS;Russia;1910;69.163795;1430.0769
643;RUS;Russia;1970;78.184807;5575
643;RUS;Russia;1890;71.115875;1139
643;RUS;Russia;1980;80.165802;7074.8823
643;RUS;Russia;1930;67.883446;1448
643;RUS;Russia;1900;69.576408;1237
643;RUS;Russia;1940;71.058754;2144
646;RWA;Rwanda;1940;27.82514;813
646;RWA;Rwanda;1980;14.062108;952
646;RWA;Rwanda;1930;29.769745;747.81482
646;RWA;Rwanda;1920;37.417538;682.62964
646;RWA;Rwanda;1890;28.87925;567.33331
646;RWA;Rwanda;1900;34.815395;601
646;RWA;Rwanda;1950;16.032234;547
646;RWA;Rwanda;1960;4.8514709;656
646;RWA;Rwanda;2000;3.5305314;799.55585
646;RWA;Rwanda;1970;4.3745661;717
646;RWA;Rwanda;1910;27.617571;628.69232
646;RWA;Rwanda;1990;3.0307648;850.36633
646;RWA;Rwanda;1880;29.259918;533.66669
646;RWA;Rwanda;2010;4.2342248;1328.5721
682;SAU;Saudi Arabia;1980;63.538692;13217
682;SAU;Saudi Arabia;2010;83.356682;44246.82
682;SAU;Saudi Arabia;1990;81.618034;35342.617
682;SAU;Saudi Arabia;1930;64.254768;1588.2972
682;SAU;Saudi Arabia;1950;63.395023;2231
682;SAU;Saudi Arabia;1920;61.984882;1266.9459
682;SAU;Saudi Arabia;1940;50.42931;1909.6487
682;SAU;Saudi Arabia;1880;64.450661;811.76746
682;SAU;Saudi Arabia;1900;62.181732;951.30231
682;SAU;Saudi Arabia;1890;63.678474;881.53491
682;SAU;Saudi Arabia;1970;59.733692;7624
682;SAU;Saudi Arabia;2000;70.19603;35342.168
682;SAU;Saudi Arabia;1960;66.418999;3719
682;SAU;Saudi Arabia;1910;60.776192;1021.0698
736;SDN;Sudan;1990;17.272491;1753.2607
736;SDN;Sudan;1970;24.141474;888
736;SDN;Sudan;1890;23.420481;567.33331
736;SDN;Sudan;1940;24.397045;813
736;SDN;Sudan;1920;25.869692;682.62964
736;SDN;Sudan;1900;22.563816;601
736;SDN;Sudan;1960;27.919773;1024
736;SDN;Sudan;1910;14.082608;628.69232
736;SDN;Sudan;2000;6.8019791;2232.6384
736;SDN;Sudan;1950;28.339149;821
736;SDN;Sudan;1930;23.828253;747.81482
736;SDN;Sudan;2010;7.4338622;3240.8315
736;SDN;Sudan;1980;5.2882304;931
736;SDN;Sudan;1880;11.459789;533.66669
686;SEN;Senegal;1880;15.140603;533.66669
686;SEN;Senegal;1960;45.378296;1445
686;SEN;Senegal;1970;42.667175;1435
686;SEN;Senegal;1980;40.65937;1268
686;SEN;Senegal;1910;14.821933;628.69232
686;SEN;Senegal;1990;39.190258;1852.1453
686;SEN;Senegal;2010;18.333456;2173.7646
686;SEN;Senegal;1890;27.94813;567.33331
686;SEN;Senegal;1920;24.548672;682.62964
686;SEN;Senegal;1930;26.25025;747.81482
686;SEN;Senegal;1940;24.471357;813
686;SEN;Senegal;1950;30.309334;1259
686;SEN;Senegal;1900;32.516846;601
686;SEN;Senegal;2000;19.442692;1912.0985
702;SGP;Singapore;1900;62.258606;1098.5116
702;SGP;Singapore;1970;72.518654;4439
702;SGP;Singapore;1910;61.7808;1237.3489
702;SGP;Singapore;1930;66.416458;1710.8918
702;SGP;Singapore;1920;66.327576;1456.8379
702;SGP;Singapore;1890;60.900547;959.67444
702;SGP;Singapore;2000;87.357483;51636.219
702;SGP;Singapore;1960;63.627239;2310
702;SGP;Singapore;1880;61.572777;820.83722
702;SGP;Singapore;1950;66.170738;2219
702;SGP;Singapore;2010;89.22805;72017.906
702;SGP;Singapore;1980;76.225204;9058
702;SGP;Singapore;1940;64.527283;1964.9459
702;SGP;Singapore;1990;83.107567;34298.031
694;SLE;Sierra Leone;2010;4.2342248;1361.1169
694;SLE;Sierra Leone;1940;24.390963;813
694;SLE;Sierra Leone;1970;26.491377;1129
694;SLE;Sierra Leone;1960;25.87978;856
694;SLE;Sierra Leone;1950;23.969788;656
694;SLE;Sierra Leone;1890;26.958395;567.33331
694;SLE;Sierra Leone;1990;5.1642618;1371.7889
694;SLE;Sierra Leone;1980;25.611048;1116
694;SLE;Sierra Leone;1910;26.287458;628.69232
694;SLE;Sierra Leone;1880;17.171186;533.66669
694;SLE;Sierra Leone;1930;24.561583;747.81482
694;SLE;Sierra Leone;2000;3.6217406;1025.9362
694;SLE;Sierra Leone;1900;35.740032;601
694;SLE;Sierra Leone;1920;26.037119;682.62964
222;SLV;El Salvador;1970;46.305691;2187
222;SLV;El Salvador;2000;55.574203;6424.8872
222;SLV;El Salvador;1980;49.380596;2354
222;SLV;El Salvador;1930;56.827343;1045
222;SLV;El Salvador;1910;61.096493;978
222;SLV;El Salvador;1940;55.728138;1111
222;SLV;El Salvador;1900;61.733288;778
222;SLV;El Salvador;1890;61.519138;680.66669
222;SLV;El Salvador;2010;46.173714;7452.5615
222;SLV;El Salvador;1880;60.223309;583.33331
222;SLV;El Salvador;1960;46.262714;1764
222;SLV;El Salvador;1920;59.695171;932
222;SLV;El Salvador;1990;50.924362;4532.2866
222;SLV;El Salvador;1950;46.456604;1489
688;SRB;Serbia;1880;80.487228;1095.5
688;SRB;Serbia;1900;79.369652;1438
688;SRB;Serbia;1910;76.503494;1636
688;SRB;Serbia;1930;77.410988;1944.4546
688;SRB;Serbia;2010;74.43924;12688.078
688;SRB;Serbia;1940;72.667709;1969
688;SRB;Serbia;1960;70.579124;3070
688;SRB;Serbia;1890;79.950607;1254
688;SRB;Serbia;2000;72.966644;7984.8071
688;SRB;Serbia;1970;72.906609;4315
688;SRB;Serbia;1980;76.041718;5786
688;SRB;Serbia;1950;72.584442;2111
688;SRB;Serbia;1920;77.457993;1803.0625
688;SRB;Serbia;1990;70.178902;5011
703;SVK;Slovakia;2000;85.628975;15605.196
703;SVK;Slovakia;1920;83.07856;2745.042
703;SVK;Slovakia;2010;86.117645;25159.078
703;SVK;Slovakia;1930;80.78743;2795.5381
703;SVK;Slovakia;1900;83.525742;2496.365
703;SVK;Slovakia;1950;81.119377;3018.3616
703;SVK;Slovakia;1880;84.780663;1939.3218
703;SVK;Slovakia;1910;82.69371;2902.1416
703;SVK;Slovakia;1940;81.355431;2980.2649
703;SVK;Slovakia;1970;86.440704;6221.2666
703;SVK;Slovakia;1980;87.235619;7816.4419
703;SVK;Slovakia;1890;84.184021;2193.1736
703;SVK;Slovakia;1990;80.416817;7763.0591
703;SVK;Slovakia;1960;87.835548;4420.1499
705;SVN;Slovenia;1940;79.057587;2270.4009
705;SVN;Slovenia;1900;80.949318;1667.7644
705;SVN;Slovenia;1920;80.86705;1872.5027
705;SVN;Slovenia;1950;75.576897;2262.3066
705;SVN;Slovenia;1970;84.531601;6567.3008
705;SVN;Slovenia;2000;89.768906;22723.326
705;SVN;Slovenia;2010;88.576523;28678.373
705;SVN;Slovenia;1880;82.334976;1364.9938
705;SVN;Slovenia;1960;79.442619;3626.9761
705;SVN;Slovenia;1890;81.879158;1490.6072
705;SVN;Slovenia;1980;85.845055;9160.1709
705;SVN;Slovenia;1910;80.284035;1848.3484
705;SVN;Slovenia;1930;79.743378;2298.4031
705;SVN;Slovenia;1990;84.969086;10859.729
752;SWE;Sweden;1960;90.452682;8792
752;SWE;Sweden;1990;92.075768;30933.633
752;SWE;Sweden;1950;88.020256;6769
752;SWE;Sweden;1880;86.697037;1520
752;SWE;Sweden;2010;91.959633;42942.563
752;SWE;Sweden;1900;86.163948;2209
752;SWE;Sweden;1940;88.143578;5180
752;SWE;Sweden;1910;85.481667;2776
752;SWE;Sweden;2000;92.655121;36854.867
752;SWE;Sweden;1930;87.799339;4306
752;SWE;Sweden;1890;87.785248;1769
752;SWE;Sweden;1970;91.256538;13011
752;SWE;Sweden;1980;93.119057;15016
752;SWE;Sweden;1920;87.662849;3111
748;SWZ;Swaziland;1990;65.362663;5518.5972
748;SWZ;Swaziland;1960;40.375813;935
748;SWZ;Swaziland;1900;52.60059;601
748;SWZ;Swaziland;1910;42.049572;628.69232
748;SWZ;Swaziland;1940;40.387016;813
748;SWZ;Swaziland;1920;54.386593;682.62964
748;SWZ;Swaziland;2010;45.673538;7594.3135
748;SWZ;Swaziland;1880;33.432697;533.66669
748;SWZ;Swaziland;2000;55.925014;5988.4844
748;SWZ;Swaziland;1980;50.283592;2397
748;SWZ;Swaziland;1930;53.043217;747.81482
748;SWZ;Swaziland;1950;39.414921;721
748;SWZ;Swaziland;1970;48.528633;2036
748;SWZ;Swaziland;1890;46.42276;567.33331
760;SYR;Syria;1940;62.716183;2122.7837
760;SYR;Syria;1930;65.190086;1836.5676
760;SYR;Syria;1990;51.643349;5701
760;SYR;Syria;2010;37.778469;9227.2402
760;SYR;Syria;1950;52.534683;2409
760;SYR;Syria;1970;48.522247;3540
760;SYR;Syria;1900;64.662407;1197.0233
760;SYR;Syria;1980;55.720093;6508
760;SYR;Syria;1880;67.354881;961.67444
760;SYR;Syria;1890;66.364594;1079.3489
760;SYR;Syria;1910;63.842899;1314.6976
760;SYR;Syria;2000;48.872055;7368
760;SYR;Syria;1920;66.548042;1550.3513
760;SYR;Syria;1960;47.576614;3023
768;TGO;Togo;2000;19.170643;1302.0422
768;TGO;Togo;1940;27.559254;813
768;TGO;Togo;1920;26.91186;682.62964
768;TGO;Togo;1900;35.61293;601
768;TGO;Togo;1980;29.17091;1097
768;TGO;Togo;1930;24.759129;747.81482
768;TGO;Togo;1890;28.287954;567.33331
768;TGO;Togo;1950;15.504704;574
768;TGO;Togo;1910;14.88827;628.69232
768;TGO;Togo;1880;14.358927;533.66669
768;TGO;Togo;2010;19.853193;1229.4755
768;TGO;Togo;1990;18.666359;1350.1326
768;TGO;Togo;1970;25.645218;1075
768;TGO;Togo;1960;15.904281;698
764;THA;Thailand;2000;55.596031;9228.21
764;THA;Thailand;2010;59.099377;13584.209
764;THA;Thailand;1970;60.001114;1694
764;THA;Thailand;1940;40.521542;824.5
764;THA;Thailand;1930;27.938816;796.66669
764;THA;Thailand;1880;41.66217;696
764;THA;Thailand;1890;41.580479;784
764;THA;Thailand;1900;41.119064;808.78259
764;THA;Thailand;1960;59.991581;1078
764;THA;Thailand;1920;28.525955;820
764;THA;Thailand;1910;31.112865;833.56525
764;THA;Thailand;1980;51.021225;2554
764;THA;Thailand;1990;54.843346;6650.6929
764;THA;Thailand;1950;42.599644;817
762;TJK;Tajikistan;2010;42.957558;2122.9895
762;TJK;Tajikistan;1920;65.445793;1432.9333
762;TJK;Tajikistan;1900;69.601067;1237
762;TJK;Tajikistan;1990;70.313812;3635.3386
762;TJK;Tajikistan;1940;65.389671;2144
762;TJK;Tajikistan;1950;69.855171;2841
762;TJK;Tajikistan;2000;43.449223;1185.6007
762;TJK;Tajikistan;1960;77.116142;3945
762;TJK;Tajikistan;1970;80.711823;5575
762;TJK;Tajikistan;1890;71.326813;1139
762;TJK;Tajikistan;1880;73.554642;1041
762;TJK;Tajikistan;1910;68.548393;1430.0769
762;TJK;Tajikistan;1980;74.091553;3649.4707
762;TJK;Tajikistan;1930;66.579384;1448
776;TON;Tonga;1990;69.475471;3574.2332
776;TON;Tonga;1920;60.372192;871.75677
776;TON;Tonga;1910;58.237049;736.86047
776;TON;Tonga;1970;72.450127;2082
776;TON;Tonga;1950;67.10685;1385
776;TON;Tonga;2010;57.704826;4993
776;TON;Tonga;1960;72.002197;1632
776;TON;Tonga;2000;70.179092;4610.3877
776;TON;Tonga;1880;60.528053;585.46509
776;TON;Tonga;1980;73.129333;2522
776;TON;Tonga;1930;59.701328;1042.8379
776;TON;Tonga;1890;61.029194;635.93024
776;TON;Tonga;1940;64.618019;1213.9189
776;TON;Tonga;1900;59.177177;686.39532
780;TTO;Trinidad & Tobago;1960;84.476707;6251
780;TTO;Trinidad & Tobago;1950;80.941536;3674
780;TTO;Trinidad & Tobago;1970;82.197762;8244
780;TTO;Trinidad & Tobago;1980;82.041069;12380
780;TTO;Trinidad & Tobago;1920;75.210899;1536.7028
780;TTO;Trinidad & Tobago;1940;79.845963;2961.5676
780;TTO;Trinidad & Tobago;1900;69.26825;778
780;TTO;Trinidad & Tobago;1890;70.666901;680.66669
780;TTO;Trinidad & Tobago;1910;69.066727;978
780;TTO;Trinidad & Tobago;1880;69.040588;583.33331
780;TTO;Trinidad & Tobago;1930;78.036842;2249.1353
780;TTO;Trinidad & Tobago;2000;82.028069;18324.016
780;TTO;Trinidad & Tobago;2010;83.329819;31261.025
780;TTO;Trinidad & Tobago;1990;79.324966;12255.374
788;TUN;Tunisia;1940;31.087755;1052.2972
788;TUN;Tunisia;1880;43.108311;691.13953
788;TUN;Tunisia;1920;31.009487;926.89191
788;TUN;Tunisia;1970;43.619061;1827
788;TUN;Tunisia;2000;53.031937;7573.9331
788;TUN;Tunisia;1990;49.430176;5614.9385
788;TUN;Tunisia;2010;56.942608;10437.089
788;TUN;Tunisia;1910;31.107346;865.55817
788;TUN;Tunisia;1890;40.866203;749.27905
788;TUN;Tunisia;1960;31.400784;1343
788;TUN;Tunisia;1980;46.06028;2944
788;TUN;Tunisia;1950;32.613724;1115
788;TUN;Tunisia;1900;31.708073;807.41858
788;TUN;Tunisia;1930;29.323481;989.5946
792;TUR;Turkey;1930;43.246616;1249
792;TUR;Turkey;1890;60.002327;1005.4651
792;TUR;Turkey;2010;60.248875;17076.605
792;TUR;Turkey;1910;45.341885;1185.9302
792;TUR;Turkey;1990;59.279999;10953.985
792;TUR;Turkey;1900;46.471115;1095.6976
792;TUR;Turkey;1980;50.21204;4022
792;TUR;Turkey;1920;40.332447;862.29999
792;TUR;Turkey;1950;43.37072;1623
792;TUR;Turkey;1940;45.102272;1675
792;TUR;Turkey;1880;62.703617;915.23254
792;TUR;Turkey;1960;47.288876;2247
792;TUR;Turkey;2000;59.021282;13357.624
792;TUR;Turkey;1970;48.351723;3078
834;TZA;Tanzania;2000;19.498047;1489.6544
834;TZA;Tanzania;1910;43.465477;628.69232
834;TZA;Tanzania;1950;17.246298;424
834;TZA;Tanzania;2010;18.655478;2111.1951
834;TZA;Tanzania;1980;18.287727;601
834;TZA;Tanzania;1970;15.382998;568
834;TZA;Tanzania;1930;52.245773;747.81482
834;TZA;Tanzania;1920;53.129742;682.62964
834;TZA;Tanzania;1990;19.053106;1472.6644
834;TZA;Tanzania;1890;46.200844;567.33331
834;TZA;Tanzania;1960;16.763865;459
834;TZA;Tanzania;1940;41.678272;813
834;TZA;Tanzania;1900;54.311001;601
834;TZA;Tanzania;1880;33.612457;533.66669
800;UGA;Uganda;1920;53.676987;682.62964
800;UGA;Uganda;1930;39.095867;747.81482
800;UGA;Uganda;1950;36.177971;687
800;UGA;Uganda;1980;7.3964944;572
800;UGA;Uganda;1940;38.004986;813
800;UGA;Uganda;1880;34.726719;533.66669
800;UGA;Uganda;2000;16.881027;1077.6956
800;UGA;Uganda;1910;43.271271;628.69232
800;UGA;Uganda;2010;17.438858;1573.4714
800;UGA;Uganda;1970;20.163912;867
800;UGA;Uganda;1960;28.60997;713
800;UGA;Uganda;1890;44.565464;567.33331
800;UGA;Uganda;1990;16.132523;783.10931
800;UGA;Uganda;1900;52.693138;601
804;UKR;Ukraine;1910;72.850609;1430.0769
804;UKR;Ukraine;1950;76.434639;2841
804;UKR;Ukraine;1980;78.039742;5378.1763
804;UKR;Ukraine;2000;73.399857;4797.3804
804;UKR;Ukraine;1890;75.862602;1139
804;UKR;Ukraine;2010;64.423592;7824.4985
804;UKR;Ukraine;1960;79.89669;3945
804;UKR;Ukraine;1990;80.600754;10463.96
804;UKR;Ukraine;1880;76.664879;1041
804;UKR;Ukraine;1970;78.626289;5575
804;UKR;Ukraine;1900;74.551659;1237
804;UKR;Ukraine;1930;68.286606;1448
804;UKR;Ukraine;1940;71.070374;2144
804;UKR;Ukraine;1920;72.234833;1432.9333
858;URY;Uruguay;1980;77.384293;6555
858;URY;Uruguay;1960;76.960426;4960
858;URY;Uruguay;1930;79.606186;4301
858;URY;Uruguay;2010;75.532364;17082.41
858;URY;Uruguay;2000;75.428337;12874.776
858;URY;Uruguay;1910;78.526253;3136
858;URY;Uruguay;1990;71.591408;9840.7266
858;URY;Uruguay;1970;74.391846;5184
858;URY;Uruguay;1940;78.112961;3661
858;URY;Uruguay;1880;86.436966;2082
858;URY;Uruguay;1920;75.197861;2674
858;URY;Uruguay;1900;79.425461;2219
858;URY;Uruguay;1950;79.286964;4659
858;URY;Uruguay;1890;81.920486;2147
840;USA;United States;1970;97.003998;15030
840;USA;United States;2010;97.464378;49372.832
840;USA;United States;1890;96.07502;3392
840;USA;United States;1940;97.140915;7010
840;USA;United States;1910;96.916656;4964
840;USA;United States;1960;96.637016;11328
840;USA;United States;1930;96.799896;6213
840;USA;United States;1880;96.592659;3184
840;USA;United States;1950;96.9105;9561
840;USA;United States;1920;96.656906;5552
840;USA;United States;1990;97.442451;37062.129
840;USA;United States;2000;97.445534;45986.051
840;USA;United States;1980;97.247353;18577
840;USA;United States;1900;96.086876;4091
862;VEN;Venezuela;1910;60.956131;886
862;VEN;Venezuela;1940;73.040573;4045
862;VEN;Venezuela;1970;75.894341;10672
862;VEN;Venezuela;1960;78.246284;9646
862;VEN;Venezuela;2000;59.662266;14417.104
862;VEN;Venezuela;1880;63.307262;653
862;VEN;Venezuela;1950;75.322289;7462
862;VEN;Venezuela;1930;71.774643;3444
862;VEN;Venezuela;1920;62.188042;1173
862;VEN;Venezuela;2010;60.248875;16563.396
862;VEN;Venezuela;1890;62.909058;737
862;VEN;Venezuela;1980;76.126053;10139
862;VEN;Venezuela;1990;62.00964;14450.682
862;VEN;Venezuela;1900;62.267067;821
704;VNM;Vietnam;1920;55.224224;713.94592
704;VNM;Vietnam;1940;43.115906;676.64862
704;VNM;Vietnam;1950;51.587772;658
704;VNM;Vietnam;1910;54.951263;711.51166
704;VNM;Vietnam;1900;53.606903;659.88373
704;VNM;Vietnam;1970;35.704052;735
704;VNM;Vietnam;2000;32.007206;2649.7195
704;VNM;Vietnam;1960;53.82872;799
704;VNM;Vietnam;1880;54.290897;556.62793
704;VNM;Vietnam;1980;36.920864;757
704;VNM;Vietnam;1990;19.942553;1501.1389
704;VNM;Vietnam;2010;38.222027;4486.2612
704;VNM;Vietnam;1930;43.050301;695.2973
704;VNM;Vietnam;1890;55.032078;608.2558
887;YEM;Yemen;1970;26.908934;1230
887;YEM;Yemen;2010;19.492294;4481.5547
887;YEM;Yemen;1910;31.001638;1021.0698
887;YEM;Yemen;2000;29.746004;3911.2197
887;YEM;Yemen;1940;26.419325;946.4054
887;YEM;Yemen;1960;24.495979;964
887;YEM;Yemen;1900;31.342093;951.30231
887;YEM;Yemen;1950;27.146933;911
887;YEM;Yemen;1890;31.880222;881.53491
887;YEM;Yemen;1920;30.021635;1017.2162
887;YEM;Yemen;1990;27.928385;3353.7893
887;YEM;Yemen;1930;26.656506;981.81079
887;YEM;Yemen;1980;29.372036;2290
887;YEM;Yemen;1880;32.210625;811.76746
710;ZAF;South Africa;1970;67.824432;4045
710;ZAF;South Africa;2010;71.227959;12028.934
710;ZAF;South Africa;1920;71.420845;1778.5135
710;ZAF;South Africa;1910;70.204155;1550.093
710;ZAF;South Africa;1880;68.69281;1031.0233
710;ZAF;South Africa;1980;68.942764;4390
710;ZAF;South Africa;1930;72.052711;2030.6757
710;ZAF;South Africa;1990;70.359993;9903.8574
710;ZAF;South Africa;1900;71.387535;1377.0698
710;ZAF;South Africa;1950;70.062691;2535
710;ZAF;South Africa;1890;72.312614;1204.0465
710;ZAF;South Africa;1940;71.861687;2282.8379
710;ZAF;South Africa;1960;68.836472;3041
710;ZAF;South Africa;2000;71.87336;9717.6484
894;ZMB;Zambia;1880;31.151592;533.66669
894;ZMB;Zambia;2010;27.12714;3263.3948
894;ZMB;Zambia;1970;43.075134;1073
894;ZMB;Zambia;1990;45.697155;2308.6038
894;ZMB;Zambia;1890;41.415115;567.33331
894;ZMB;Zambia;1980;24.035835;911
894;ZMB;Zambia;1910;39.168552;628.69232
894;ZMB;Zambia;1950;52.154583;661
894;ZMB;Zambia;2000;26.488094;2092.2551
894;ZMB;Zambia;1940;52.42276;813
894;ZMB;Zambia;1930;36.726391;747.81482
894;ZMB;Zambia;1920;38.329681;682.62964
894;ZMB;Zambia;1900;51.368465;601
894;ZMB;Zambia;1960;42.521339;960
716;ZWE;Zimbabwe;1890;44.882828;567.33331
716;ZWE;Zimbabwe;1880;35.731262;533.66669
716;ZWE;Zimbabwe;1970;46.349682;1282
716;ZWE;Zimbabwe;1950;51.732208;701
716;ZWE;Zimbabwe;1930;54.047283;747.81482
716;ZWE;Zimbabwe;1910;45.28347;628.69232
716;ZWE;Zimbabwe;1980;45.643185;1295
716;ZWE;Zimbabwe;2000;38.874393;2521.3474
716;ZWE;Zimbabwe;1920;53.963631;682.62964
716;ZWE;Zimbabwe;1940;52.746567;813
716;ZWE;Zimbabwe;2010;27.091389;1388.973
716;ZWE;Zimbabwe;1990;59.11097;2526.0723
716;ZWE;Zimbabwe;1900;54.722645;601
716;ZWE;Zimbabwe;1960;53.811077;938
